Finanz_ID;Produktionsauftrag_ID;Umsatz;Materialkosten;Energiekosten;Produktionskosten;Gewinn
132592;132657;612547,52;21068,0;2418,24;31342,24;581205,28
156686;309565;1454922,39;34803,25;3516,96;44174,21;1410748,18
243069;638539;2424733,88;53237,5;5110,8;66788,3;2357945,58
340213;356287;440820,38;10260,25;1021,02;12896,27;427924,11
241821;402286;219180,0;4687,5;450,0;6115,5;213064,5
318335;582063;1262538,68;32704,75;3518,58;42259,33;1220279,35
3754;335114;1113367,64;23303,5;2354,88;28441,38;1084926,26
45882;151999;548866,41;27884,62;3200,67;37250,3;511616,12
297119;355807;737449,2;16886,25;1706,4;21959,65;715489,55
249535;156640;515198,58;17747,38;2037,09;25820,46;489378,11
225749;8714;766194,96;25031,5;2772,72;32589,22;733605,74
27234;463969;849093,76;18722,0;1838,16;25034,16;824059,6
230094;105168;143515,02;4067,25;437,58;5262,83;138252,19
368306;176661;1321159,84;33926,75;3758,04;46996,79;1274163,05
69539;238788;697229,5;18700,0;1963,5;24083,5;673146,0
276458;284255;422409,68;10577,75;1138,02;14278,77;408130,91
138044;330101;2711160,41;59174,5;5809,86;72537,36;2638623,05
112057;385805;226922,8;7115,88;765,57;9496,44;217426,36
108663;453568;386576,46;13279,5;1470,96;19512,46;367064,0
333095;785406;258998,4;11730,0;1346,4;18422,4;240576,0
194558;541013;461794,56;11568,0;1214,64;15254,64;446539,92
293601;393334;1303381,2;30618,5;3094,08;39111,58;1264269,62
120039;189884;989628,57;22048,88;2139,21;29117,09;960511,48
20433;481481;593893,7;12815,0;1258,2;17220,2;576673,5
119378;223479;1427892,06;34912,38;3756,09;45106,46;1382785,59
363467;243738;1840017,2;39578,0;3885,84;52108,84;1787908,36
2649;658744;481497,59;15177,12;1742,07;22083,2;459414,39
281774;590594;491629,32;15576,75;1787,94;24553,69;467075,63
358524;756582;1197057,6;30555,0;3142,8;40264,8;1156792,8
141590;234039;588179,35;22991,38;2639,01;30817,38;557361,96
44239;343139;880661,16;17131,5;1662,12;21030,62;859630,54
295122;228098;1024197,64;31479,5;3486,96;40001,46;984196,18
391413;360946;1401023,6;35761,25;3678,3;46044,55;1354979,05
50811;617194;1064080,6;29480,0;3095,4;39923,4;1024157,2
231213;329336;145025,52;3421,0;335,88;4446,88;140578,64
13472;228652;379221,66;11747,25;1348,38;15620,63;363601,03
56836;220269;710219,3;25846,25;2780,7;34412,95;675806,35
272076;721387;213160,5;4807,25;478,38;6119,63;207040,87
108121;395322;478252,68;11131,5;1107,72;14180,22;464072,46
63507;87101;291024,72;6949,5;691,56;9074,06;281950,66
13746;218887;2356817,68;59795,75;5801,46;73620,21;2283197,47
77364;99932;810373,0;19856,0;2084,88;25140,88;785232,12
99018;346591;1859142,45;41052,0;4310,46;52930,46;1806211,99
83496;60626;246366,72;13294,0;1525,92;18550,92;227815,8
184287;293821;458309,07;11100,75;1121,76;15513,51;442795,56
306866;231087;461354,4;10578,75;1088,1;13539,85;447814,55
209254;140007;153303,36;3444,0;342,72;4385,72;148917,64
297952;458882;1884165,96;44445,5;4363,74;55960,24;1828205,72
219648;311254;970312,28;23474,5;2372,16;33012,66;937299,62
12022;744495;1183476,0;31937,5;3285,0;40735,5;1142740,5
37928;682454;1316002,24;32847,5;3378,6;41026,1;1274976,14
356797;730718;737029,8;14625,0;1404,0;18319,0;718710,8
392183;785974;703263,48;21180,88;2278,77;28987,64;674275,84
95805;25784;1430468,28;29513,0;2897,64;36960,64;1393507,64
36208;604167;243261,9;5802,5;569,7;7350,2;235911,7
271630;464464;2187779,0;42137,5;4045,2;51672,7;2136106,3
237434;265986;1311014,98;31644,5;3197,76;41280,26;1269734,72
263197;645251;1660252,16;41440,0;4262,4;51541,4;1608710,76
140610;685048;173232,63;7497,75;830,52;10239,27;162993,36
265587;411170;329563,41;8203,25;828,96;11595,21;317968,2
278024;333674;790751,22;18558,75;1908,9;26397,65;764353,57
219478;742514;2841675,76;62387,5;5989,2;78856,7;2762819,06
131776;41960;458780,08;13984,0;1468,32;17939,32;440840,76
374792;634409;557424,0;12250,0;1176,0;15261,0;542163,0
316154;369695;258195,99;5901,5;579,42;7026,92;251169,07
379918;498212;247189,8;13598,75;1560,9;19580,65;227609,15
379131;208445;948530,44;28912,0;3035,76;39371,76;909158,68
126986;662845;593098,9;16591,25;1837,8;23070,05;570028,85
318664;220345;1542842,0;33775,0;3242,4;43690,4;1499151,6
221512;446954;2477384,0;54632,5;5436,6;67690,1;2409693,9
74245;193030;1376985,49;34523,5;3389,58;43403,08;1333582,41
209829;745680;811876,98;18995,25;1919,52;25479,77;786397,21
97413;248664;531057,76;11709,5;1149,66;14254,16;516803,6
144283;598351;278832,0;7800,0;864,0;10226,0;268606,0
91804;652694;735502,56;19708,0;2069,34;27563,34;707939,22
394375;746337;709569,0;13781,25;1323,0;18539,25;691029,75
149719;79636;566025,72;19498,25;2238,06;24375,31;541650,41
36319;96326;897474,2;19783,75;1999,2;24656,95;872817,25
373300;460896;994992,88;21907,0;2213,76;27790,76;967202,12
335797;596524;422130,63;9537,62;949,11;12518,74;409611,9
97797;476721;724544,79;21456,38;2308,41;27275,78;697269,0
17431;153243;974430,6;24237,5;2493,0;31879,5;942551,1
93371;608741;92101,95;2876,25;318,6;3702,85;88399,1
388695;792047;70643,4;2037,25;219,18;2946,43;67696,97
105363;369994;449825,82;16137,38;1852,29;22607,66;427218,16
87092;82955;220502,52;4725,0;453,6;6194,6;214307,92
298419;441910;668475,84;17912,0;1880,76;24979,76;643496,08
192366;417345;252441,92;5740,0;590,4;8218,4;244223,52
345941;324996;381306,12;13679,25;1570,14;17956,39;363349,73
192777;309737;418201,84;13586,5;1461,72;18741,22;399460,62
258062;702149;1243598,85;26572,63;2578,11;34663,74;1208935,11
57973;621783;1658233,76;47503,75;4886,1;61011,85;1597221,91
367805;409002;2818874,52;62144,5;6101,46;76723,96;2742150,56
300878;770154;1167497,94;29060,5;2936,64;35887,14;1131610,8
330408;454730;470720,0;18400,0;2112,0;26639,0;444081,0
37089;377490;1349198,4;29040,0;2851,2;34871,2;1314327,2
205232;36932;1224025,6;28576,0;2772,48;35875,48;1188150,12
101153;27240;1107470,67;21543,62;2090,19;27235,82;1080234,86
127063;781954;2342244,85;47841,88;4760,85;59518,72;2282726,12
239693;752209;227405,43;5464,38;562,05;7027,42;220378,0
57779;329404;1898059,78;43347,25;4313,58;54849,83;1843209,95
398602;410160;797800,99;15692,12;1522,47;19830,6;777970,4
1214;413565;801957,24;19129,0;1878,12;22842,12;779115,12
207952;388126;200338,24;6848,0;719,04;9235,04;191103,2
123633;169698;401940,3;9813,5;991,68;12382,18;389558,12
105181;155918;620542,65;12083,5;1186,38;14558,88;605983,77
262350;381264;600902,56;13509,5;1344,36;17856,86;583045,7
202359;275984;749656,16;17701,75;1761,54;23770,29;725885,87
55313;682522;448191,45;9535,12;925,11;12257,24;435934,22
26818;580615;218311,2;7047,0;758,16;10110,16;208201,04
122220;60485;300387,36;11661,0;1338,48;15380,48;285006,88
189737;220711;1181181,44;28576,0;2887,68;41594,68;1139586,76
313433;779733;489467,41;25665,12;2945,91;34071,04;455396,38
396303;631011;674607,92;15627,5;1607,4;19471,9;655136,02
28961;788628;986533,83;24410,25;2466,72;32154,97;954378,86
291211;5565;1064611,13;21745,38;2163,93;27693,3;1036917,82
201185;359085;345469,68;7902,75;786,42;11267,17;334202,51
390299;259056;1478432,07;35654,62;3548,07;46497,7;1431934,37
172319;217153;138519,5;2790,62;270,75;3698,38;134821,12
164877;82348;734877,0;16087,5;1544,4;20247,9;714629,1
39502;713299;918241,45;18943,75;1818,6;24159,35;894082,1
134000;452174;1743805,77;39325,25;3973,92;49851,17;1693954,6
376083;686032;218143,49;8403,62;964,59;11696,22;206447,28
364819;710324;1606628,4;37648,0;3953,04;47296,04;1559332,36
330365;260310;106840,17;2868,0;301,14;3768,14;103072,03
36788;356261;95305,72;2776,75;298,74;3818,49;91487,23
176133;253122;1286666,48;26281,0;2615,28;33461,28;1253205,2
204454;295590;736592,36;18688,38;1813,17;24505,54;712086,82
161309;113528;412353,54;10055,25;1000,62;14240,87;398112,67
180621;333966;1336432,26;34164,38;3514,05;46353,42;1290078,84
239771;91551;601402,06;16264,0;1707,72;21588,72;579813,34
77861;777856;986795,74;23423,75;2409,3;28889,05;957906,69
203455;281142;783355,43;19394,38;1994,85;25355,22;758000,2
266916;798960;1569767,94;33637,5;3229,2;42303,7;1527464,24
48956;662255;467074,8;18333,25;2030,76;23003,01;444071,79
124469;398202;801808,08;20053,5;2157,48;26775,98;775032,1
180164;515328;1337387,2;28823,0;2868,24;36476,24;1300910,96
118470;714139;659307,6;17617,5;1895,4;22856,9;636450,7
210450;713532;398245,12;13604,5;1561,56;18078,06;380167,06
367272;643384;937414,97;26574,87;2859,09;34286,96;903128,01
180011;588850;318132,34;7443,25;752,16;9264,41;308867,93
264251;553367;951352,64;20843,37;2074,17;25495,54;925857,09
285854;394963;2910125,92;62237,5;5974,8;76182,3;2833943,62
379540;149488;364871,08;7618,75;731,4;9601,15;355269,93
362465;588757;378660,15;16689,37;1915,65;22154,02;356506,12
107646;16226;666297,04;14652,25;1421,58;19637,83;646659,21
181405;409861;148005,0;3960,0;415,8;5103,8;142901,2
82187;772716;571236,96;18770,25;2019,42;23701,67;547535,29
89330;482253;2043345,86;44659,25;4444,14;60205,39;1983140,47
227342;496703;232129,43;7983,87;916,41;10515,28;221614,14
25549;786406;3024664,5;58256,25;5592,6;78226,85;2946437,65
223718;329908;2730205,0;60610,0;5950,8;72475,8;2657729,2
290003;222986;100170,56;3291,5;354,12;4426,62;95743,94
54778;563757;2229377,28;47175,0;4528,8;59074,8;2170302,48
283974;464140;1628753,34;36983,5;3737,28;47560,78;1581192,56
238935;256784;262690,82;10197,62;1170,51;13582,14;249108,68
52927;590378;836929,38;16461,75;1597,14;21076,89;815852,49
397945;228967;2932349,85;66318,75;6366,6;83931,35;2848418,5
371650;198141;575834,14;13339,38;1372,05;16470,42;559363,72
115947;753641;2196799,25;48768,5;4788,18;62034,68;2134764,57
398598;215513;610225,2;18378,75;1977,3;22517,05;587708,15
171697;119028;645782,97;15043,25;1520,16;19179,41;626603,56
278829;760245;162970,08;5775,88;662,97;7833,84;155136,24
96386;338242;1396122,04;28188,25;2734,86;38931,11;1357190,93
249891;671535;576106,64;16327,0;1756,56;21336,56;554770,08
199202;440011;796883,56;23051,88;2371,05;28842,92;768040,64
327037;763330;627290,64;22563,0;2589,84;32212,84;595077,8
255656;247009;1254380,23;26962,62;2683,11;36409,74;1217970,49
297675;680800;2171858,76;48422,0;4754,16;61616,16;2110242,6
339846;400968;591122,67;15868,0;1666,14;20370,14;570752,53
26000;32278;708721,2;21151,0;2342,88;29772,88;678948,32
62684;264570;388152,0;9225,0;918,0;12380,0;375772,0
85526;397306;443453,16;12571,5;1352,52;16616,02;426837,14
348391;502981;751962,38;23825,12;2734,71;30563,84;721398,54
287005;775714;378335,16;13245,75;1425,06;17036,81;361298,35
318447;734265;1948562,04;40788,25;4121,76;55011,01;1893551,03
157526;655829;315321,52;12038,0;1333,44;15532,44;299789,08
298136;185574;1358549,01;32248,12;3316,95;40115,07;1318433,94
362243;239784;1075060,16;27093,25;2914,86;35468,11;1039592,05
50241;23455;1343112,14;29037,5;2787,6;37467,1;1305645,04
336446;597205;853661,64;27203,25;3122,46;35178,71;818482,93
209752;48705;986529,12;34539,0;3715,92;45200,92;941328,2
86309;217242;1657106,72;36233,0;3661,44;48865,44;1608241,28
292046;643155;301786,68;7848,75;807,3;10089,05;291697,63
55465;279278;1595063,26;39434,5;3984,96;50001,46;1545061,8
109827;544460;1090158,78;27063,75;2783,7;33881,45;1056277,33
264896;681115;494858,88;9778,5;973,08;12275,58;482583,3
60117;410860;2043339,51;48723,38;4848,57;61973,94;1981365,56
154978;547371;869744,79;28694,25;3178,44;35436,69;834308,1
109361;132244;910466,83;20453,88;2035,41;26341,28;884125,54
133582;104427;213494,26;4955,88;493,17;6480,04;207014,22
244683;21229;1264672,5;37196,25;4120,2;46867,45;1217805,05
292169;484350;138469,48;2876,5;282,42;4007,92;134461,56
61839;109788;180005,68;7202,0;797,76;9455,76;170549,92
181873;77280;292987,8;8280,0;869,4;11818,4;281169,4
216401;743542;898083,63;20363,25;2057,76;28313,01;869770,62
107132;152445;857505,6;26471,25;2932,2;33437,45;824068,15
73729;679304;1430220,0;29550,0;2836,8;41228,8;1388991,2
56187;488345;963786,87;21132,75;2135,52;31344,27;932442,6
175585;659262;896466,06;28008,0;2940,84;42975,84;853490,22
320246;716736;114943,8;3461,88;372,45;4471,32;110472,48
80635;111134;405037,35;8629,5;847,26;10932,76;394104,59
382509;440689;1578680,18;38451,88;3955,05;48776,92;1529903,26
362591;755291;2687447,04;54400,0;5222,4;72362,4;2615084,64
298693;15023;2568016,44;58311,0;5892,48;72370,48;2495645,96
103948;144335;652482,63;21295,12;2444,31;29047,44;623435,19
209549;698899;251781,28;5123,0;497,04;6287,04;245494,24
40589;214377;751188,64;14387,5;1381,2;18771,7;732416,94
331283;584538;492355,54;11244,25;1118,94;16564,19;475791,35
57339;672826;569547,0;16997,5;1882,8;22262,3;547284,7
157097;231592;1159762,5;32500,0;3412,5;41751,5;1118011,0
156058;603245;1852193,28;39300,0;3772,8;49677,8;1802515,48
125330;351469;485120,04;16580,12;1903,11;21357,24;463762,81
264721;212834;1067552,64;23408,0;2365,44;29739,44;1037813,2
62081;249674;94752,0;2925,0;324,0;3939,0;90813,0
97828;31778;1440404,05;41418,12;4260,15;53337,28;1387066,78
378079;414029;2486807,78;55601,12;5532,99;68300,11;2418507,66
45802;443509;1601753,55;33387,62;3239,31;42480,94;1559272,62
97652;465898;2066072,6;43913,75;4437,6;55790,35;2010282,25
361834;367369;1245146,76;30865,5;3119,04;40278,54;1204868,22
332808;782966;603392,48;15236,0;1687,68;23141,68;580250,8
239117;268578;1690466,65;39016,62;3882,63;49375,25;1641091,4
369760;29672;1196523,12;33108,0;3476,34;41437,34;1155085,78
76124;176899;321387,04;9182,12;987,87;12824,0;308563,04
365680;786951;1293563,2;36920,0;4089,6;49108,6;1244454,6
86659;636793;681633,54;23304,75;2674,98;29763,73;651869,81
58743;394109;2303278,2;48010,5;4658,04;58492,54;2244785,66
110869;435980;2781226,5;60043,75;5764,2;76090,95;2705135,55
386687;352806;521415,48;14670,38;1578,33;19486,71;501928,78
355717;454996;1669553,05;32964,62;3198,27;44822,9;1624730,16
140605;666183;258805,75;9278,75;1027,8;12505,55;246300,2
100660;60335;1505044,8;37240,0;3763,2;45947,2;1459097,6
233;580793;708408,16;20492,5;2107,8;26164,3;682243,86
37085;297151;763780,64;18130,0;1864,8;23027,8;740752,84
78563;52952;667727,55;24451,88;2806,65;33264,52;634463,02
202649;377395;53092,34;1727,88;198,33;2449,2;50643,14
175312;349583;310883,16;7049,0;712,32;9194,32;301688,84
112661;197011;2223130,7;44867,38;4353,09;56386,46;2166744,24
15879;519158;464513,28;15317,25;1696,68;19834,93;444678,35
314840;795144;295752,95;11157,25;1235,88;14630,13;281122,82
160119;645181;178658,85;4396,88;452,25;5759,12;172899,72
291547;709718;2110327,94;44561,0;4375,08;55306,08;2055021,86
246929;328241;255515,88;6648,0;698,04;8620,04;246895,84
112563;135651;2973151,3;61337,5;5888,4;76469,9;2896681,4
201640;578231;848339,96;20624,5;2084,16;25506,66;822833,3
106971;380419;672777,6;27513,75;2960,1;33840,85;638936,75
343315;233043;213045,02;6836,75;784,74;9365,49;203679,53
12817;538664;721483,84;18067,0;1943,76;22649,76;698834,08
358034;563335;1165084,76;25620,88;2485,77;31867,64;1133217,12
203195;133730;557504,88;12560,75;1218,66;16782,41;540722,47
104765;218855;109329,22;4016,38;461,01;5546,38;103782,84
86144;325162;1461903,45;31146,5;3058,02;43486,52;1418416,93
387645;517025;422497,62;10516,5;1062,72;14051,22;408446,4
328607;765615;1192004,1;26932,5;2721,6;35144,1;1156860,0
156366;426934;1715668,68;39011,5;3882,12;52592,62;1663076,06
233974;789935;794359,28;21378,5;2368,08;33005,58;761353,7
180017;177822;570988,92;19103,5;2116,08;24745,58;546243,34
41982;143099;607008,15;23727,37;2723,49;37006,86;570001,28
134136;695763;1506136,06;33068,75;3174,6;44797,35;1461338,71
23807;80517;585876,33;20518,88;2355,21;32262,08;553614,25
277988;672408;446758,4;12760,0;1372,8;17059,8;429698,6
10995;640367;2343687,93;52585,5;5162,94;68607,44;2275080,49
250894;418256;2663976,12;58912,5;5655,6;73448,1;2590528,02
140336;457758;725564,72;17132,88;1704,93;23713,8;701850,91
61298;157496;1070414,1;26134,5;2640,96;32104,46;1038309,64
148436;574247;1164867,2;26766,25;2704,8;34324,05;1130543,15
300200;491582;181813,8;7709,0;853,92;9707,92;172105,88
35016;342848;1246126,8;27593,0;2745,84;39559,84;1206566,96
214770;481556;753108,84;15537,5;1491,6;18758,1;734350,74
61689;238687;453401,52;10527,0;1132,56;14950,56;438450,96
316262;239886;485993,04;10593,37;1054,17;12951,54;473041,5
289176;493991;220954,02;5101,5;515,52;6853,02;214101,0
182089;215034;2196982,92;50386,88;5182,65;61901,52;2135081,4
345700;494984;1293189,03;27956,25;2683,8;34583,05;1258605,98
102798;394295;879180,96;32090,5;3554,64;43137,14;836043,82
79578;141218;1137503,63;32237,12;3468,27;41832,39;1095671,23
177032;580913;1110385,34;27771,12;2987,79;37469,91;1072915,42
258253;542476;583639,2;20085,0;2224,8;26093,8;557545,4
98631;20799;1397090,6;33919,38;3488,85;41715,22;1355375,37
31039;391566;338404,08;8242,5;847,8;10872,3;327531,78
30113;672746;1143197,32;32164,62;3460,47;41555,1;1101642,23
298268;188458;712400,78;26171,12;3003,99;33194,12;679206,66
301740;383592;164750,4;5804,62;666,27;7592,9;157157,5
337260;68506;722234,5;19324,0;2029,02;27192,02;695042,48
7798;130173;551743,8;13471,0;1361,28;16993,28;534750,52
44502;663734;2313268,1;50215,0;4930,2;66080,2;2247187,9
162544;737095;2204699,22;49467,0;4856,76;62202,76;2142496,46
308331;525778;624303,72;17930,25;1986,12;26468,37;597835,35
3260;685730;1710138,55;33573,88;3341,01;45407,88;1664730,66
349263;455130;626738,3;12648,88;1227,21;16712,08;610026,22
380427;664749;321476,07;10991,12;1261,59;15619,72;305856,36
206640;446945;885727,2;27774,75;2988,18;36912,93;848814,27
213713;129071;882529,55;20211,25;2042,4;26742,65;855786,9
378134;737946;588197,54;11849,88;1149,69;14235,56;573961,98
186727;70721;437653,68;19423,5;2229,48;26657,98;410995,7
5786;213373;2003244,75;45787,5;4495,5;64259,0;1938985,75
29610;625963;680540,1;23761,88;2727,45;29947,32;650592,78
192202;7623;263892,72;5643,75;541,8;7072,55;256820,17
1018;212525;1051441,6;22990,0;2323,2;29347,2;1022094,4
101787;223733;252062,84;7249,38;745,65;9845,02;242217,82
177726;797059;1205284,8;30765,0;3164,4;39184,4;1166100,4
30853;10680;239350,8;13167,5;1511,4;18591,9;220758,9
120460;131178;1407715,2;30780,0;3110,4;39380,4;1368334,8
173804;442042;350493,05;12606,88;1447,05;16328,92;334164,13
158454;303577;225121,75;5516,0;579,18;7672,18;217449,57
229493;124855;153358,92;3817,12;410,67;4644,8;148714,12
9965;507065;2381402,8;52515,88;5225,97;69040,84;2312361,96
149240;694136;142449,43;3285,12;326,91;4173,04;138276,39
192022;67020;766596,76;19357,0;2144,16;29888,16;736708,6
343209;526560;489032,83;16407,62;1883,31;21475,94;467556,89
117217;615984;629488,08;14388,0;1412,64;18128,64;611359,44
7066;231865;393355,76;9082,0;917,76;11455,76;381900,0
1340;760400;1357235,36;38776,62;4171,83;51775,46;1305459,9
130118;380321;727981,42;24884,0;2612,82;31007,82;696973,6
32781;212552;747850,74;15618,75;1499,4;19537,15;728313,59
383929;276162;1176084,27;25787,75;2605,92;31153,67;1144930,6
16487;117945;897676,0;25646,88;2759,25;35026,12;862649,88
288920;164609;454208,6;11720,0;1230,6;15369,6;438839,0
395812;127657;1257954,72;26850,0;2577,6;33795,6;1224159,12
259298;774400;913871,88;25564,5;2831,76;33416,26;880455,62
190446;348570;545379,54;15964,38;1642,05;19987,42;525392,12
70568;462500;653136,8;21083,0;2268,24;26407,24;626729,56
111973;37194;1405438,32;30225,0;2901,6;38707,6;1366730,72
7930;566539;1440770,76;27618,75;2651,4;33978,15;1406792,61
251638;95816;742579,84;18544,0;1873,92;25020,92;717558,92
92403;340507;680830,86;17141,25;1763,1;22665,35;658165,51
90169;102673;2435518,26;47904,75;4647,78;60810,53;2374707,73
226405;336213;387487,5;12187,5;1350,0;16426,5;371061,0
349418;734305;3164651,36;60612,5;5818,8;74621,3;3090030,06
58850;414326;50633,55;2285,62;262,35;3032,97;47600,58
236766;755783;1756219,08;43736,0;4592,28;53166,28;1703052,8
32238;522767;2170420,0;47406,25;4717,5;60563,75;2109856,25
390746;495023;1604365,84;39077,5;4019,4;47297,9;1557067,94
106772;481372;397383,36;10648,0;1118,04;14329,04;383054,32
372453;687959;455030,7;10075,75;1002,66;12405,41;442625,29
394809;2166;98104,5;3214,25;368,94;4341,19;93763,31
83511;101641;1138831,2;28405,0;2870,4;39950,4;1098880,8
291740;734257;357949,68;10373,0;1190,64;14414,64;343535,04
90095;393408;1053560,44;25488,5;2575,68;32591,18;1020969,26
348697;601775;239751,0;5287,5;513,0;6816,5;232934,5
390086;356470;910506,13;20572,25;2078,88;28566,13;881940,0
218013;16313;1839980,73;37991,62;3780,63;49340,25;1790640,48
389506;338420;330935,55;7348,0;771,54;9514,54;321421,01
104083;673002;1334932,48;29422,0;2854,56;37387,56;1297544,92
285000;72643;3001889,28;64200,0;6163,2;80350,2;2921539,08
216065;768559;1045717,2;21780,0;2138,4;30849,4;1014867,8
29154;540026;40445,68;1357,0;155,76;1967,76;38477,92
165467;99391;778151,43;17481,38;1739,61;22693,98;755457,44
377066;610480;433788,08;17446,0;1932,48;24633,48;409154,6
169226;217109;281979,9;6274,88;675,09;8951,96;273027,94
242803;84645;1909789,35;52198,12;5194,35;69199,48;1840589,87
25087;772935;1632197,14;32882,38;3190,29;44315,66;1587881,48
141828;721103;1991439,78;40519,88;3931,29;51784,16;1939655,62
86609;333419;667178,56;18908,0;2034,24;25871,24;641307,32
128454;711006;2274946,5;45913,12;4454,55;64176,68;2210769,83
78829;109747;666297,04;14652,25;1421,58;18833,83;647463,21
72825;357018;529092,54;13979,25;1412,64;17878,89;511213,65
45808;718310;396518,38;17597,88;2019,93;23105,8;373412,58
329230;580481;651900,9;17080,0;1793,4;21163,4;630737,5
75530;462151;147929,04;3515,75;349,86;4699,61;143229,43
298337;268040;621471,6;23874,5;2644,56;35361,06;586110,54
273752;329247;232915,68;8892,0;984,96;11582,96;221332,72
203136;667375;1431314,56;30287,5;2907,6;35993,1;1395321,46
332965;532381;1274311,5;35289,38;3796,65;47344,02;1226967,48
110101;155911;209987,76;4617,75;448,02;5846,77;204140,99
135663;798628;2539546,02;52393,75;5029,8;63679,55;2475866,47
222068;415566;473702,15;17471,38;2005,41;24276,78;449425,37
140413;744527;520168,72;11466,5;1158,72;14331,22;505837,5
296587;217569;1337795,64;31088,25;3093,66;38708,91;1299086,73
69076;467361;2315327,04;48993,75;4703,4;65345,15;2249981,89
211414;288773;445101,73;11159,5;1095,66;15015,16;430086,57
159558;652078;1800326,0;34675,0;3328,8;45480,8;1754845,2
273434;752443;3254944,0;70000,0;6720,0;85782,0;3169162,0
344011;318265;218557,44;4488,0;440,64;6528,64;212028,8
176581;134296;1273993,8;28785,0;2908,8;38639,8;1235354,0
350592;423585;1243903,54;29103,25;2940,96;36025,21;1207878,33
173954;598229;1053968,48;24185,0;2487,6;33474,6;1020493,88
170321;287436;1781327,4;39765,0;3904,2;54149,2;1727178,2
310324;600235;1462808,25;32989,62;3282,87;42293,5;1420514,76
77652;22373;537644,25;17615,12;2021,91;21669,04;515975,22
228493;343749;2735437,3;60586,25;6122,4;75444,65;2659992,65
100894;799740;346557,16;17606,5;2020,92;25026,42;321530,74
223001;732398;335947,87;7221,12;718,59;9448,72;326499,15
362060;596414;1034786,2;28616,88;2943,45;35344,32;999441,88
16055;398242;558024,26;14012,75;1608,42;19716,17;538308,09
170659;240379;165430,02;4029,38;414,45;5042,82;160387,2
108252;355111;87573,75;3953,12;453,75;5043,88;82529,88
24667;439457;736211,1;16572,0;1740,06;20746,06;715465,04
308234;619647;447219,3;9619,5;944,46;12140,96;435078,34
81024;602405;508143,84;16601,0;1838,88;20532,88;487610,96
6122;316038;1333238,4;27495,0;2667,6;34985,6;1298252,8
304691;563492;662544,12;13481,25;1294,2;16868,45;645675,67
247610;128205;706659,6;15921,25;1544,7;21651,95;685007,65
74678;665691;2337419,42;55483,75;5706,9;68849,65;2268569,77
231061;248794;1032715,26;25013,5;2527,68;31871,18;1000844,08
100200;745486;2157097,88;43633,62;4233,39;57619,02;2099478,86
306932;645965;429254,4;9339,0;916,92;11233,92;418020,48
391675;404115;686414,68;15323,0;1504,44;20012,44;666402,24
181552;14140;546590,84;15319,25;1648,14;20387,39;526203,45
210704;184900;3101846,13;65785,5;6458,94;80631,44;3021214,69
257063;211022;1608342,9;45076,88;4849,65;56311,52;1552031,38
197268;575527;260778,56;8050,25;891,72;10427,97;250350,59
318445;410829;810203,48;17747,88;1766,13;23222,0;786981,48
261738;682678;354413,84;11891,0;1364,88;16652,88;337760,96
187323;375342;633255,66;21186,75;2346,84;29683,59;603572,07
370602;381075;2728331,07;58981,25;5662,2;77527,45;2650803,62
200300;84306;2173511,56;47634,5;4621,56;65208,06;2108303,5
297498;399384;2126967,92;44412,5;4263,6;58625,1;2068342,82
342760;80167;1144202,1;26812,0;2815,26;33722,26;1110479,84
192890;731994;1077911,46;26205,75;2648,16;33289,91;1044621,55
28037;439572;1641560,55;34280,62;3325,95;41481,57;1600078,98
48263;525574;451981,44;10742,0;1068,96;14995,96;436985,48
21630;559849;1861838,04;40942,88;3972,33;49935,2;1811902,84
102499;773868;740426,83;19308,25;2138,76;25231,01;715195,82
364911;547500;996223,32;28954,12;3323,43;38207,56;958015,76
12120;268222;1037976,28;25835,38;2779,53;35894,9;1002081,37
310908;165770;804210,42;20163,0;1979,64;26722,64;777487,78
311461;689917;1221429,33;30751,88;3163,05;41535,93;1179893,4
135700;310347;1193134,8;25562,5;2454,0;31451,5;1161683,3
67072;189676;1569459,2;35206,0;3787,68;44157,68;1525301,52
10180;308089;2277820,32;50028,0;4911,84;61832,84;2215987,48
223405;317766;231258,3;8495,62;975,15;11563,77;219694,53
323203;534048;309742,59;10962,25;1214,28;15103,53;294639,06
298780;520262;150712,1;5850,62;671,55;7849,18;142862,93
117827;408627;2126484,74;52333,75;5382,9;62903,65;2063581,09
12694;15559;1088542,56;34408,5;3701,88;44965,38;1043577,18
120279;798709;3299402,42;65393,75;6277,8;80293,55;3219108,87
74855;605772;2770535,5;58025,0;5697,0;71199,0;2699336,5
355457;426341;1879723,58;43544,38;4478,85;55697,22;1824026,36
308374;637723;633790,76;14892,5;1531,8;19222,3;614568,46
345942;67099;300193,6;12444,25;1378,44;16127,69;284065,91
87507;588093;1459861,75;36456,25;3684,0;48565,25;1411296,5
2720;675213;1086817,2;22413,12;2174,55;28659,68;1058157,52
167708;587335;2553997,74;55212,5;5300,4;67170,9;2486826,84
303798;626623;415117,0;9087,5;872,4;12052,9;403064,1
121606;247281;275558,06;5563,63;539,79;7392,42;268165,64
248292;632858;1047003,45;24369,38;2425,05;30957,42;1016046,02
305412;245800;1116367,6;26075,0;2682,0;33489,0;1082878,6
97455;356969;1485126,3;33363,75;3320,1;43265,85;1441860,45
88529;157868;127471,86;4248,0;446,04;5854,04;121617,82
346003;223854;3908520,56;81612,5;7834,8;100420,3;3808100,26
9980;431165;451470,22;15763,62;1809,39;22411,02;429059,2
196430;294622;291598,5;7300,0;766,5;8915,5;282683,0
97711;357740;2195578,96;44673,5;4334,28;58137,78;2137441,18
365927;309623;470395,8;11072,25;1118,88;14041,13;456354,67
206844;392058;872930,96;29148,62;3135,99;37016,62;835914,34
298702;136989;2195436,1;46283,88;4605,81;57638,68;2137797,42
264921;526978;146476,83;3932,0;412,86;4761,86;141714,97
382085;713220;1252937,4;26414,25;2628,54;32864,79;1220072,61
301639;392175;1221075,66;32628,62;3510,39;42471,02;1178604,64
127582;524039;125344,78;2728,0;286,44;3446,44;121898,34
328914;398983;1018125,15;25060,0;2631,3;32385,3;985739,85
61236;475942;2087434,18;44862,5;4306,8;56661,3;2030772,88
23585;389394;1238582,0;32178,12;3309,75;41546,88;1197035,12
224641;177629;599621,22;14577,75;1473,12;19144,87;580476,35
217535;298276;1099018,48;30716,0;3225,18;44224,18;1054794,3
17880;380797;290880,18;6503,62;647,19;8075,82;282804,36
330507;115040;384020,48;10496,0;1044,48;13868,48;370152,0
192036;62679;656276,04;25538,62;2931,39;36584,02;619692,02
149420;656545;367546,8;10599,5;1140,36;14469,86;353076,94
112260;17633;514085,58;13788,0;1447,74;17487,74;496597,84
359453;67980;661518,0;13406,25;1287,0;18363,25;643154,75
108164;791576;1342394,25;33259,38;3578,25;43222,62;1299171,62
197139;709821;1671869,6;39178,0;3959,04;50250,04;1621619,56
324515;416245;271693,82;7754,5;858,96;10577,46;261116,36
309710;610050;896911,51;24167,88;2600,13;30332,0;866579,5
376117;647416;337907,24;7892,5;811,8;9796,3;328110,94
270338;131442;1063240,92;21467,25;2082,78;27243,03;1035997,89
215955;556509;524905,92;17931,38;2058,21;23697,58;501208,33
154872;479355;576097,95;14180,0;1488,9;19490,9;556607,05
114153;88307;1354532,3;29480,0;3095,4;42236,4;1312295,9
49923;186277;563704,96;13832,0;1397,76;17959,76;545745,2
242556;167854;638293,4;15024,25;1518,24;18544,49;619748,91
1758;328792;719699,52;16346,0;1604,88;21135,88;698563,64
355731;798720;515115,23;10757,12;1043,67;14272,8;500842,44
129356;455017;790577,55;15394,5;1511,46;20363,96;770213,59
26697;7711;70403,2;2918,5;323,28;3855,78;66547,42
354915;555718;83201,88;2071,0;209,28;2750,28;80451,6
293168;576536;837512,4;18535,0;1819,8;24024,8;813487,6
384259;399698;141563,52;3168,0;311,04;4222,04;137341,48
254478;698725;131964,12;2920,5;286,74;3821,24;128142,88
98682;409359;759889,2;29463,0;3381,84;37811,84;722077,36
183937;330180;1627329,32;40593,5;4102,08;52976,58;1574352,74
242381;179227;1723482,81;40910,62;4207,95;52610,58;1670872,24
46125;393751;1739651,6;38605,0;3970,8;51144,8;1688506,8
114332;26469;464882,51;14918,37;1712,37;19504,74;445377,76
31332;446556;1837627,92;37575,0;3607,2;48439,2;1789188,72
25334;572078;1088296,0;21683,75;2191,2;27802,95;1060493,05
243362;184211;1499692,32;35772,0;3512,16;43576,16;1456116,16
104502;267280;295230,26;6149,0;603,72;7533,72;287696,54
162442;718480;623050,56;25480,12;2741,31;34257,44;588793,12
64371;532497;1799272,74;45111,0;4429,08;55576,08;1743696,66
205501;270759;2163584,22;51665,12;5141,31;63661,44;2099922,78
131572;725867;1975066,52;42268,75;4057,8;53492,55;1921573,97
33934;157593;390532,48;13432,0;1541,76;16914,76;373617,72
192144;182074;1571196,52;38591,88;3969,45;50311,32;1520885,2
108756;89587;2049135,29;42429,87;4222,29;53841,16;1995294,12
98116;411504;284440,86;5868,5;576,18;7536,68;276904,18
43428;517077;704869,2;19920,0;2091,6;28449,6;676419,6
227915;183904;260471,57;9122,38;1047,09;11807,46;248664,1
265555;14367;604383,78;19259,62;2210,67;26361,3;578022,48
80989;69585;1302635,44;36917,0;3971,76;47766,76;1254868,68
246593;202790;1181799,36;24738,0;2499,84;33243,84;1148555,52
350698;672424;823583,76;20967,0;2255,76;28644,76;794939,0
393130;687750;372288,0;15225,0;1638,0;20753,0;351535,0
256078;77367;364414,57;10791,62;1161,03;15531,66;348882,92
147810;690055;502426,8;18954,0;2099,52;25785,52;476641,28
261749;756146;1557610,07;35921,12;3574,59;44553,72;1513056,35
278678;298721;654350,56;23055,5;2553,84;28369,34;625981,22
52787;140010;1403030,72;31850,0;3057,6;45349,6;1357681,12
89026;598406;1594801,6;38203,0;3750,84;48285,84;1546515,76
118097;114172;2596201,92;49725,0;4773,6;62703,6;2533498,32
332460;756013;299153,92;7904,0;798,72;10067,72;289086,2
332203;290802;756847,65;19254,62;1916,07;24355,7;732491,96
260218;419843;1338271,2;30686,25;3156,3;41789,55;1296481,65
246242;714757;2481918,18;48280,75;4684,26;63369,01;2418549,17
169319;414812;1191786,52;29041,25;2987,1;39763,35;1152023,17
361429;314796;564071,04;11583,0;1137,24;14752,24;549318,8
397881;593130;243853,3;8507,88;915,33;10879,2;232974,1
295917;138925;155453,6;4085,0;412,8;5134,8;150318,8
341869;416131;149651,72;4799,5;516,36;6225,86;143425,86
9071;205131;999906,62;20345,12;1973,91;26391,04;973515,58
16243;22375;708758,4;25870,0;2865,6;34938,6;673819,8
339619;507403;810442,08;29581,5;3276,72;40866,22;769575,86
51543;610901;1485417,3;29419,5;2888,46;37039,96;1448377,34
78664;102107;1269529,04;28075,0;2695,2;38391,2;1231137,84
277164;543465;3208403,24;64636,75;6271,14;78005,89;3130397,35
273704;559306;355519,5;11147,5;1234,8;14596,3;340923,2
151590;767796;711247,5;17527,5;1771,2;24242,7;687004,8
314362;252864;338395,15;6981,25;670,2;8849,45;329545,7
235330;113998;497194,84;11099,0;1089,72;14425,72;482769,12
194044;279071;823135,6;27118,0;3003,84;35285,84;787849,76
9142;436173;1163463,0;26137,5;2601,0;32484,5;1130978,5
357751;112526;527581,25;14046,88;1511,25;18121,12;509460,12
146301;604307;1755856,8;43795,0;4425,6;57517,6;1698339,2
144029;478028;872986,0;20425,0;2064,0;24946,0;848040,0
372125;652647;1005908,7;26744,0;2808,12;37196,12;968712,58
320401;51122;1486912,9;32468,75;3117,0;41659,75;1445253,15
325297;651445;1716172,92;37834,5;3714,66;48245,16;1667927,76
244275;395918;1309883,19;28393,75;2725,8;35487,55;1274395,64
34979;588819;370359,21;9324,25;942,24;12086,49;358272,72
135016;534577;745794,0;24570,0;2721,6;34510,6;711283,4
268710;748478;1912382,46;42757,87;4254,93;57841,8;1854540,66
106508;92076;1482453,52;32050,0;3076,8;39380,8;1443072,72
206873;654033;689945,28;17780,0;1828,8;24302,8;665642,48
117741;15141;623590,46;13362,5;1282,8;18065,3;605525,16
223800;485165;172793,25;4488,75;453,6;5958,35;166834,9
108294;290061;656339,0;25333,75;2806,2;34289,95;622049,05
257300;483311;941853,3;36518,25;4191,66;46988,91;894864,39
143773;611459;659050,4;13301,0;1290,48;16828,48;642221,92
23449;700596;1978834,9;40566,88;3935,85;54292,72;1924542,17
109498;108917;1237032,0;35437,5;3645,0;45816,5;1191215,5
82476;633370;677154,42;23965,5;2654,64;33475,14;643679,28
213360;82736;1442962,73;33596,75;3395,04;47198,79;1395763,94
270012;241142;1258210,8;28798,0;2827,44;36721,44;1221489,36
13791;573717;1182820,86;37898,25;4350,06;48322,31;1134498,55
300085;272398;529779,04;11910,5;1185,24;15385,74;514393,3
344487;617457;1334446,16;30206,0;2965,68;39973,68;1294472,48
266295;136114;1630733,56;34660,75;3502,56;46239,31;1584494,25
15349;31538;149240,0;3575,0;351,0;4267,0;144973,0
273211;53165;914517,6;21089,38;2098,65;28132,02;886385,58
58384;342715;165737,6;4228,0;443,94;5270,94;160466,66
388081;485789;311402,0;9838,25;1129,26;13530,51;297871,49
156322;95885;1380187,14;38682,38;4161,69;52232,06;1327955,08
183858;756570;584002,2;16841,75;1811,94;22308,69;561693,51
238528;459186;1313723,45;28517,5;2799,9;42995,4;1270728,05
69270;614399;1155920,66;26913,5;2719,68;34198,18;1121722,48
395040;416954;2469720,54;55025,25;5338,62;69220,87;2400499,67
348519;219480;216366,25;4922,5;483,3;6239,8;210126,45
135626;515210;1112683,32;29732,25;3198,78;36571,03;1076112,29
108733;703507;1042651,82;23639,0;2320,92;30539,92;1012111,9
254412;707865;786677,9;17708,0;1859,34;22911,34;763766,56
247247;627603;2146744,17;42019,87;4181,49;54990,36;2091753,8
127441;69541;2049635,1;41365,88;4013,37;50725,25;1998909,86
144913;749167;1798499,5;37643,75;3804,0;48090,75;1750408,75
210694;247869;1058995,2;22560,0;2188,8;27857,8;1031137,4
53926;321078;700999,04;23828,0;2735,04;31348,04;669651,0
179456;436352;121275,74;3487,37;400,29;4372,66;116903,08
230178;69436;324775,39;13061,75;1446,84;18201,59;306573,8
79870;561205;1862876,88;46094,0;4657,92;59214,92;1803661,96
323653;706613;340350,66;18164,25;2084,94;23904,19;316446,47
282562;791654;2277607,44;49645,88;4940,37;61502,24;2216105,19
24490;139352;112897,38;4134,25;474,54;5518,79;107378,59
370458;389796;3225336,62;66931,25;6425,4;83032,65;3142303,97
262122;190527;1877612,94;44786,5;4397,22;62135,72;1815477,22
239815;707991;2269362,48;47951,75;4652,34;60953,09;2208409,39
125339;564140;381756,65;7537,62;731,31;10361,94;371394,72
284509;369325;602508,0;20118,75;2164,5;26742,25;575765,75
134351;262251;205206,76;5107,62;549,51;6688,14;198518,62
388038;224565;1295470,5;25657,5;2519,1;32089,6;1263380,9
196392;567174;693141,6;17692,5;1819,8;22477,3;670664,3
256458;169654;912050,67;33398,88;3833,61;42601,48;869449,18
292786;205543;752334,66;21211,75;2434,74;27900,49;724434,17
40345;612069;68413,78;2102,75;232,92;2911,67;65502,11
164828;392854;524029,56;11987,38;1192,89;15872,26;508157,3
22032;527658;559944,32;19604,0;2109,12;26005,12;533939,2
97004;625291;2723969,43;53606,25;5146,2;73001,45;2650967,98
205163;256139;308246,97;6881,25;660,6;8701,85;299545,12
121785;428162;836061,73;31918,25;3535,56;42217,81;793843,92
162949;757738;2519449,17;58203,62;5646,99;71274,61;2448174,55
384141;284610;1229704,01;25619,87;2549,49;32810,36;1196893,64
357276;552466;729934,8;20186,25;2076,3;25879,55;704055,25
254349;640341;93218,4;2782,0;308,16;3598,16;89620,24
180717;84470;2313081,54;55959,75;5654,88;68833,63;2244247,91
103979;652952;766353,37;20945,87;2084,37;28232,24;738121,12
300972;473144;768526,58;26915,75;3089,46;34312,21;734214,37
399148;534687;754962,84;15803,25;1596,96;19705,21;735257,63
156356;313830;2458404,24;51598,5;5134,68;65211,18;2393193,06
86938;299735;389476,46;9834,5;1089,36;12925,86;376550,6
146602;353717;786546,88;24280,75;2689,56;33992,31;752554,57
79333;51672;1158631,2;29199,38;3141,45;39635,82;1118995,38
98017;759531;2587482,74;57762,5;5545,2;71004,7;2516478,04
182006;98751;424327,36;10412,0;1052,16;14171,16;410156,2
35102;198321;397769,68;8013,5;777,48;10458,98;387310,7
241082;501662;945817,6;22400,0;2304,0;29815,0;916002,6
202860;671489;2090005,83;43015,5;4223,34;51818,84;2038186,99
9586;53681;322388,2;10621,0;1176,48;14413,48;307974,72
286588;330698;1126677,08;29606,75;2991,84;36693,59;1089983,49
27913;354361;54401,86;2607,62;299,31;3467,94;50933,92
261844;239926;1542697,32;37891,88;3897,45;45861,32;1496836,0
47449;677864;145626,0;3331,25;331,5;4860,75;140765,25
120495;151908;935515,21;29228,0;3068,94;39500,94;896014,27
35806;379449;1300256,64;28776,0;2825,28;36515,28;1263741,36
52619;66419;638297,6;16450,0;1692,0;21433,0;616864,6
388951;309958;769033,44;17766,0;1723,68;23652,68;745380,76
42323;577502;362429,34;12125,75;1343,16;16175,91;346253,43
183734;72725;117019,42;3656,0;383,88;4456,88;112562,54
49373;669007;1390671,52;34711,25;3570,3;43498,55;1347172,97
390445;306342;810578,01;19565,25;1977,12;28746,37;781831,64
246490;632112;121429,47;2513,5;246,78;3518,28;117911,19
116027;159115;352752,89;6938,38;673,17;8756,54;343996,34
12840;744271;1186791,7;29755,0;2921,4;41685,4;1145106,3
153425;141840;1498231,26;41508,0;4358,34;53328,34;1444902,92
36050;265776;253982,68;6186,25;636,3;8672,55;245310,13
133876;449324;383536,2;10053,75;1034,1;12778,85;370757,35
319499;148110;1225949,16;27131,5;2663,82;34504,32;1191444,84
133741;284659;1703082,12;41352,0;4341,96;53314,96;1649767,16
190714;384641;233526,45;12463,12;1430,55;16926,68;216599,78
184987;200080;1722112,56;37669,5;3698,46;50194,96;1671917,6
120112;525503;2680461,4;52623,5;5236,68;66247,18;2614214,22
324491;688032;956631,9;30884,0;3242,82;38729,82;917902,08
253473;49149;644741,88;22187,75;2457,72;29923,47;614818,41
72662;98115;716013,48;16957,5;1744,2;21029,7;694983,78
61454;211518;629857,08;14512,0;1523,76;19288,76;610568,32
325432;511767;284100,6;7460,62;856,35;9825,97;274274,63
287026;419267;3093486,4;65500,0;6288,0;82488,0;3010998,4
82214;681962;603149,87;13627,75;1377,12;17423,87;585726,0
278283;199748;1315568,87;35448,88;3813,81;46193,68;1269375,18
21606;41490;1189881,0;32951,25;3545,1;41205,35;1148675,65
259613;281187;458184,34;9368,75;899,4;12103,15;446081,19
131131;715243;1335984,16;33346,25;3429,9;46020,15;1289964,01
262066;381828;1752322,2;37334,0;3665,52;47005,52;1705316,68
350956;653605;2796041,9;67386,25;6537,9;82440,15;2713601,75
209810;178196;484332,34;12546,12;1349,79;17133,92;467198,42
212808;188006;633473,28;18216,0;2090,88;25364,88;608108,4
234576;497280;189638,16;4092,0;401,76;5054,76;184583,4
19596;451563;1318311,36;29392,0;2885,76;38829,76;1279481,6
374486;785476;1755804,6;36993,0;3738,24;45895,24;1709909,36
235188;226015;843732,24;21242,0;2146,56;29576,56;814155,68
48145;364183;2284294,25;50378,12;4887,75;66420,88;2217873,38
47409;6208;1547031,11;32231,12;3207,39;43226,52;1503804,6
147200;666604;307095,84;7914,38;814,05;10798,42;296297,41
21531;9139;1301379,16;29051,0;2852,28;36559,28;1264819,88
93327;111422;620141,61;27332,62;3137,31;35838,94;584302,68
299015;40942;1697331,0;35362,5;3519,0;46464,5;1650866,5
244292;432779;252164,77;7811,37;896,61;10231,98;241932,79
23562;387024;875919,9;23288,0;2445,24;29843,24;846076,66
392325;294246;1379719,75;30629,5;3007,26;45261,76;1334457,99
292969;447445;471385,2;11725,0;1206,0;14895,0;456490,2
104706;558471;990638,26;20792,12;2069,07;28427,19;962211,06
254381;77603;2574640,9;54769,0;5377,32;67001,32;2507639,58
248180;158632;2713055,18;56507,0;5547,96;68295,96;2644759,22
70387;75679;303037,2;11641,5;1289,52;15676,02;287361,18
346055;538511;1273949,98;31259,75;3158,88;47006,63;1226943,35
174225;271331;464868,25;15596,87;1790,25;20807,12;444061,12
22328;300596;300311,82;10588,62;1215,39;13965,02;286346,8
229490;156281;144023,04;7567,0;868,56;10490,56;133532,48
197515;451825;208345,44;5162,0;555,36;6862,36;201483,08
102703;161085;1157110,95;30764,0;3230,22;39469,22;1117641,73
28668;403644;928256,0;23680,0;2486,4;30200,4;898055,6
188621;153385;955051,02;26927,25;3090,78;35531,03;919519,99
6102;368254;598040,96;20429,75;2344,98;27688,73;570352,23
331163;65133;1780576,16;36950,0;3547,2;51303,2;1729272,96
170334;749651;1526515,56;36279,88;3610,29;45873,16;1480642,39
17390;671519;415080,49;12652,0;1328,46;16232,46;398848,03
236965;576798;1362492,2;33079,38;3402,45;40265,82;1322226,38
301574;15611;436475,6;8569,0;852,72;11203,72;425271,88
307663;33232;582426,25;20881,25;2313,0;27175,25;555251,0
41754;36084;1257806,09;28419,25;2871,84;37418,09;1220388,0
323383;343296;798130,56;27278,0;3131,04;34830,04;763300,52
363643;544213;97462,96;3783,5;434,28;5339,78;92123,18
136858;90008;361248,16;13271,0;1523,28;18525,28;342722,88
58149;511542;686682,33;17956,0;1885,38;23898,38;662783,95
378846;360317;642183,5;12631,25;1225,5;16017,75;626165,75
294542;791442;494832,0;17537,5;2013,0;23129,5;471702,5
220534;183126;62067,56;3254,5;373,56;4591,06;57476,5
172157;651431;819088,52;23900,5;2647,44;29929,94;789158,58
105520;195502;1752637,2;35518,75;3409,8;43114,55;1709522,65
20086;554224;1950309,96;41453,25;4188,96;55106,21;1895203,75
133494;182006;2486135,52;50325,0;4831,2;61920,2;2424215,32
6034;399342;1359231,77;30816,5;3025,62;39044,12;1320187,65
112490;278706;265886,45;7588,75;840,6;10006,35;255880,1
73247;356204;386301,12;13611,0;1507,68;17734,68;368566,44
94589;630246;451660,2;15475,12;1664,91;20211,04;431449,16
358359;282518;1065702,8;25873,75;2661,3;33358,05;1032344,75
198870;669522;832673,79;25871,62;2783,43;33235,06;799438,74
166138;592195;506395,69;14351,38;1544,01;19535,39;486860,3
367591;797423;520011,76;11926,25;1226,7;15222,95;504788,81
272089;607891;581593,14;15603,25;1728,36;21062,61;560530,53
71924;500666;733435,94;20785,75;2236,26;26730,01;706705,93
70811;206724;588956,4;23117,25;2560,68;32532,93;556423,47
14992;650529;613026,26;20567,75;2360,82;29404,57;583621,69
220645;259456;708694,14;18568,0;1949,64;25188,64;683505,5
260416;293828;1589209,32;37222,5;3828,6;50333,1;1538876,22
306013;54693;1001078,72;31004,0;3558,72;39620,72;961458,0
197743;96186;1347292,8;32274,0;3168,72;40955,72;1306337,08
252007;799302;636954,12;17088,5;1892,88;21635,38;615318,74
290733;591264;944190,8;22043,0;2138,64;28018,64;916172,16
270849;27805;583321,3;14481,25;1489,5;17790,75;565530,55
391626;72758;422278,08;10290,0;1058,4;13926,4;408351,68
212194;390620;93508,82;4482,12;514,47;6088,6;87420,22
77241;740110;359505,63;7441,5;730,62;9423,12;350082,51
284643;12956;2563342,98;53193,75;5106,6;70092,35;2493250,63
151989;482183;251101,62;5989,5;588,06;7881,56;243220,06
338058;663435;224748,65;8714,12;1000,23;11170,36;213578,3
76820;30149;986716,94;25559,87;2749,89;34709,76;952007,18
255506;337433;991737,5;29168,75;3231,0;38640,75;953096,75
234643;306929;1772290,23;44434,5;4362,66;56380,16;1715910,07
241485;704035;1931099,04;42282,38;4102,29;50987,66;1880111,38
357288;271478;1655786,08;37914,5;3831,36;49965,86;1605820,22
399714;444673;675841,2;15510,0;1522,8;20672,8;655168,4
67254;562113;823072,32;28644,75;3081,78;35927,53;787144,79
175641;561716;641853,87;23606,62;2709,63;31010,26;610843,62
12250;745391;439832,55;10521,25;1063,2;14276,45;425556,1
377778;281056;587479,2;16269,0;1750,32;20567,32;566911,88
301931;339070;1196607,46;33922,75;3649,62;43578,37;1153029,09
292290;4534;795841,2;17545,0;1722,6;24378,6;771462,6
105784;94571;1864542,6;42127,5;4192,2;53796,7;1810745,9
150196;315756;1104516,98;23118,25;2336,16;30853,41;1073663,57
61216;8845;633994,26;17735,25;1964,52;23756,77;610237,49
207505;218918;279153,6;7480,0;785,4;10009,4;269144,2
29198;167813;706958,28;16863,0;1655,64;20755,64;686202,64
179556;651769;785449,98;18873,75;1941,3;24758,05;760691,93
170910;33063;2886366,32;61850,0;5937,6;75939,6;2810426,72
69508;625115;375758,25;8371,88;812,25;11307,12;364451,12
181827;449423;742658,6;18249,5;1844,16;25462,66;717195,94
210330;136760;1030078,0;23275,0;2352,0;28842,0;1001236,0
123913;456670;1282270,22;33215,88;3573,57;42863,44;1239406,77
211299;410425;406953,25;10965,62;1179,75;13707,38;393245,88
131866;573764;278649,16;14156,5;1624,92;18617,42;260031,74
297108;199079;460467,98;9276,62;900,03;11647,66;448820,32
169687;449484;1274978,44;31966,0;3138,48;39836,48;1235141,96
15398;585498;2401928,17;49594,62;4935,27;62749,9;2339178,28
200030;741373;463500,8;19214,0;2128,32;24504,32;438996,48
78139;737791;2035202,18;49124,5;4964,16;62839,66;1972362,52
212473;512966;1146236,07;36130,12;4147,11;47557,24;1098678,83
363035;269789;1672365,31;32894,12;3191,43;39300,56;1633064,76
49933;302938;369735,6;10960,0;1150,8;13998,8;355736,8
125500;76285;2956483,2;66000,0;6336,0;82687,0;2873796,2
184973;92727;2826289,9;57040,38;5534,13;69581,5;2756708,4
183945;554650;718973,04;16329,5;1603,26;21079,76;697893,28
160367;92623;138283,9;3467,5;350,4;4871,9;133412,0
341570;426059;681366,66;29490,5;3266,64;37451,14;643915,52
289341;422268;249776,64;13478,0;1547,04;17224,04;232552,6
178490;375525;643923,96;18519,38;1904,85;23040,22;620883,74
260516;660219;2304114,12;48667,5;5005,8;61893,3;2242220,82
241138;122320;358120,89;7106,25;682,2;8971,45;349149,44
372814;238833;1463446,3;28730,75;2859,06;35699,81;1427746,49
166841;122732;378239,47;8443,75;810,6;11218,35;367021,12
224443;619012;1656189,71;34586,12;3355,59;43613,72;1612576,0
141406;140861;514055,36;14224,0;1493,52;19296,52;494758,84
210794;276988;651656,24;18668,12;1920,15;24501,28;627154,96
71230;402258;1383319,74;28706,25;2755,8;36065,05;1347254,69
85311;522839;434665,82;10169,75;1027,68;13654,43;421011,39
31116;552928;3681684,33;73056,25;7013,4;89897,65;3591786,68
8124;35025;1933163,28;43906,5;4310,82;59114,32;1874048,96
380917;9430;1622726,28;33018,75;3169,8;44173,55;1578552,73
361995;433338;2229648,12;52447,5;5394,6;65152,1;2164496,02
283497;221654;2049895,54;51309,5;5184,96;61438,46;1988457,08
241980;703085;990255,84;30297,75;3259,62;39434,37;950821,47
22756;743686;439722,8;9125,0;876,0;11525,0;428197,8
262334;44749;1402355,55;31052,37;3090,09;40724,46;1361631,08
193618;486372;970677,72;27916,88;2871,45;35975,32;934702,4
223055;622739;255041,88;7900,5;906,84;11150,34;243891,54
269903;730871;1416692,16;30888,0;3032,64;42474,64;1374217,52
230301;292399;1591320,0;31706,25;3204,0;38603,25;1552716,75
181387;428948;228545,46;5196,75;517,14;7495,89;221049,57
185700;521151;176877,96;3577,88;347,13;4380,0;172497,96
302816;486944;466726,47;9746,62;945,63;12307,26;454419,22
319382;410609;720736,9;23744,5;2630,16;31121,66;689615,24
347026;686366;885072,87;23848,88;2565,81;31214,68;853858,18
145663;733048;2511771,92;52573,0;5312,64;65741,64;2446030,28
188217;266938;1142033,76;25632,0;2691,36;35239,36;1106794,4
43779;523178;1089025,07;22995,5;2257,74;28195,24;1060829,83
51231;404714;371355,18;9243,5;934,08;12247,58;359107,6
374346;463222;244295,91;5519,62;549,27;6978,9;237317,02
4649;506011;480910,5;12600,0;1323,0;16251,0;464659,5
121686;263591;1298921,96;30390,5;3071,04;38625,54;1260296,42
397117;597404;2339803,73;48921,12;4746,39;60067,52;2279736,22
43284;785639;1433737,6;28566,5;2886,72;40166,22;1393571,38
