Lager_ID;Produkt_ID;Bestand;Mindestbestand;Lagerwert
53944;399;33914;2103;470019,65
120635;198;38271;2245;91892,32
124391;467;39135;2641;229352,8
66755;76;2911;4198;176153,64
9095;446;33423;527;42864,29
9690;459;11398;2080;371571,06
57049;122;21864;1385;354813,54
145263;301;28007;2313;7526,55
108256;246;21521;614;297139,73
59694;146;33348;2848;55444,53
109347;429;8997;4309;289111,12
37417;296;15450;3571;333502,24
35554;387;23247;1029;282309,1
96390;270;42529;4210;43379,19
27390;162;42742;1939;387693,06
95191;123;48236;985;321988,07
22775;159;8242;4128;96373,82
21207;113;17658;3279;95843,12
127603;314;35685;2879;120695,7
147259;263;34256;4635;76747,57
76164;44;32466;779;204143,23
146925;207;29399;1980;73285,75
45608;289;24266;4217;221710,74
83856;94;11384;2921;335799,88
20765;16;41626;544;426328,66
106000;257;33722;4778;336374,83
26100;429;14116;3019;99933,84
63305;358;19196;129;217791,96
6850;350;8947;3550;414996,72
66740;500;47390;4217;382490,15
112350;404;23446;1037;361525,29
78193;456;10052;1288;419914,92
14821;5;38728;4375;198279,52
40029;330;5770;3058;410524,2
80050;406;17399;3851;219032,66
105185;213;14267;2105;207924,34
27741;301;5563;2348;207782,95
89503;342;34216;4368;448661,13
71245;126;24254;4638;389177,93
147158;477;3754;1531;258514,5
97953;255;7646;3516;443846,65
46522;228;45835;2461;303631,9
45096;203;46384;3252;253186,2
39816;369;18949;715;381998,26
34259;41;31144;3963;278647,17
27521;77;1793;4437;91508,97
73257;31;37702;3481;365261,04
144695;130;40382;3331;360668,87
80919;338;35846;4298;330011,95
132651;62;37259;4664;258681,27
133065;388;1211;2653;40215,89
74034;397;25589;3736;277831,63
38897;241;21031;1426;325121,95
95015;361;17488;1703;404139,74
48859;461;40984;4489;6195,91
16926;23;22017;499;485647,82
19258;417;8651;4194;72910,49
27115;483;26003;2085;153539,72
20077;305;11005;4916;22888,13
130606;11;39021;1220;192017,52
66964;145;38030;4880;369292,33
60564;189;5426;1466;246569,18
104935;455;11146;1252;199665,74
13042;186;11645;2406;439755,82
54784;49;9168;385;281794,84
148776;401;23254;4366;154455,44
109137;325;43717;2644;83383,37
85392;164;17994;3955;434837,25
13575;59;40612;1147;89148,52
105477;137;39772;3283;355834,64
149134;450;14439;2495;197626,99
90174;116;9324;1141;202450,91
6443;40;46841;3035;169568,26
127222;405;37422;1447;145898,14
18009;355;24133;4668;452688,81
38614;167;1092;2587;49265,22
120173;398;10839;2038;235720,73
117431;406;16341;1167;382936,21
91855;185;35430;1675;270043,39
84522;365;34435;2943;476831,13
147017;84;35725;3587;77725,77
117342;132;29929;4138;476542,02
137487;110;47834;1369;114510,36
42766;395;6858;2926;88499,44
67592;260;4154;2095;40402,73
82915;320;38325;2765;234724,03
49401;428;12235;1287;393990,87
49569;58;17155;2750;121877,34
130565;242;40539;2731;140486,66
134976;126;2854;4840;430098,75
2854;161;18336;4695;452830,3
102480;29;7583;1783;7825,79
83853;124;40798;746;15609,38
31739;353;23311;3414;129050,48
36801;61;16994;175;358043,32
121829;47;33842;2279;97559,11
23530;496;18212;4600;391136,11
88036;437;20962;1704;2686,95
111390;221;38580;3486;136729,2
116825;186;45511;268;439353,36
122550;45;13514;4254;136765,47
35731;424;34676;1801;246399,71
70473;185;42726;696;264406,65
86228;213;1937;266;320524,09
37872;153;16514;3902;497260,1
48488;424;11786;2247;465831,63
24369;246;46863;3688;148159,11
27698;309;18593;2945;85999,97
95529;265;49639;1185;269978,32
98520;278;39596;303;411236,93
104105;259;42072;1368;382442,98
113530;28;22691;311;342501,44
94078;429;42445;1004;136999,61
85736;83;836;3524;435420,89
31753;122;5899;318;212620,08
34618;240;46571;1592;498053,99
79188;97;3606;1845;141362,3
27433;29;35165;1284;260923,3
125822;311;10284;1482;145574,6
120536;54;37241;674;453756,53
99385;237;26385;1954;191559,11
89212;83;6599;4688;89838,18
145252;363;46106;3459;458258,95
44227;114;11977;2895;93225,45
125;493;8269;130;449523,67
57303;29;31012;1122;149514,98
31978;203;5476;2624;297334,78
119539;82;18713;1380;356673,12
96612;171;46700;1150;176820,01
116106;87;16424;4326;25369,93
2643;426;20636;1828;33892,07
22927;447;3445;2113;332321,92
49309;256;41237;3377;457760,36
124638;55;5134;3779;158463,75
82539;93;21667;4823;41483,67
117929;393;16862;826;393499,91
95699;130;12827;2428;45615,76
42719;395;24290;3127;208580,44
128532;260;421;3337;329052,71
120401;307;3422;4809;408800,77
42156;178;16958;3094;73516,99
14703;89;23906;2748;212828,26
134758;487;2070;4103;12821,29
76237;39;8311;4082;312035,46
135765;133;19821;4813;334421,5
18909;279;18499;3268;26931,16
88490;192;24520;1595;274077,35
19452;338;46269;1583;108967,95
50295;487;36105;3104;373983,43
11744;332;9129;220;110941,31
145391;22;5849;2903;437117,86
138813;372;4275;2872;209171,88
83339;330;42950;728;275630,78
144538;277;31106;3873;179470,51
67278;376;7478;4553;165199,44
77152;216;42104;2305;79165,06
55555;76;4720;918;351719,81
7506;19;512;4825;34325,4
133818;88;27028;629;251047,12
74439;86;38024;990;402353,55
139512;296;33817;2486;314792,2
2612;350;19582;2896;315837,99
54171;154;46813;2903;200190,04
125738;484;30964;2578;117058,71
76435;261;4152;2049;420494,32
53615;243;29686;2510;314238,02
122116;67;16375;1196;245593,95
107065;35;29331;3524;260833,31
84557;334;35254;1755;4084,77
98386;332;21551;2781;494634,42
148221;298;36621;570;255680,4
98704;217;14016;2415;141269,23
73909;23;26399;3868;184922,9
138915;448;11659;1404;350913,89
98467;89;49671;3761;90329,24
67333;223;7039;4087;66203,07
55638;173;29570;2647;431474,65
41400;129;46989;4328;61475,3
15988;293;14952;3362;79852,18
14737;387;20663;2762;356890,44
8259;269;35073;3431;371851,87
108177;167;12596;809;472646,96
34380;186;38171;3479;163991,89
67065;307;5880;4769;451228,86
106579;322;11236;3921;139426,1
128641;448;16275;793;280292,12
9992;34;13512;1323;306619,66
7205;450;41012;3525;160778,97
61904;88;23759;2834;312501,77
22832;37;41451;118;17155,56
133827;236;19789;4089;444739,01
11570;29;14066;2871;304204,19
115185;6;44128;2022;221693,25
113203;146;21543;4503;4140,61
85558;68;2066;2348;373192,05
94654;233;40413;4445;304475,21
73326;451;19369;1804;171161,33
140364;377;16252;469;130826,91
101706;102;11792;296;105375,14
110953;57;22625;3410;467932,37
122164;442;6123;2743;360828,44
145938;383;32899;2063;415117,26
9831;81;23098;3151;246578,78
55175;255;44945;851;499968,65
148678;222;30636;1061;420732,12
87273;285;16984;3864;453402,61
38184;154;46739;4189;268466,21
89009;33;22068;3303;488872,03
149751;240;6517;2874;246752,69
109585;224;30644;1314;245400,31
101269;62;28159;3274;63287,87
110427;132;49296;1709;148821,14
110774;62;5198;1223;155821,35
44103;340;21291;2564;482352,83
39521;11;23327;4776;147150,37
41796;418;6506;1667;330628,4
140218;373;25354;835;1806,03
107378;290;2765;534;416037,59
7736;130;30050;2925;227333,52
135447;190;32769;597;454126,18
146398;151;37273;1184;92981,59
60709;215;14477;3004;1010,03
143622;441;43777;870;392942,69
19458;280;43292;4800;374065,06
144346;112;41715;225;495462,87
17077;308;9264;1380;1326,24
135454;453;41672;2183;302584,98
69760;388;32388;4441;127617,9
118119;144;27024;1210;485664,46
82142;390;38371;4200;96568,86
146484;55;19184;2671;140444,93
24162;219;17293;1197;245566,09
40653;496;1024;1841;195466,8
67049;82;47593;4283;241910,51
145860;100;40603;3987;229568,95
92154;123;39517;1189;232873,78
94770;58;32235;1629;428060,88
121962;325;49422;3454;122868,09
76439;289;41812;517;485858,4
30824;131;11312;4252;309132,97
124643;424;27583;3141;480764,14
17470;133;38228;3171;306258,77
118071;122;3325;2555;7137,14
82654;221;8036;2730;265299,29
75874;409;43987;4680;6422,34
52497;237;15133;3742;312482,29
50478;489;33767;3595;318219,06
135467;91;24464;2431;208543,82
15673;364;39157;3328;304695,04
70241;230;39703;2427;84396,06
32866;462;182;403;80013,4
128031;144;10802;4143;23718,6
11308;69;5385;3272;94263,99
86809;216;31630;3374;250169,86
30367;212;28622;1987;309322,67
79815;227;30567;853;409815,82
125162;204;5754;1422;324970,85
43754;481;34922;2300;399049,02
35634;2;24427;4840;132312,84
90903;362;3162;3116;425526,59
121220;84;514;4834;165390,84
87846;417;27167;1606;456514,7
118129;96;10389;1008;61938,46
73089;252;31099;2934;3436,05
106029;156;22949;4620;7319,0
46588;211;372;4059;181213,93
75079;210;11089;4249;198492,78
268;268;11344;3070;67037,01
57471;32;3802;2478;162472,28
142401;325;29430;3361;311368,61
102409;123;43858;3216;356561,21
109669;341;1527;1453;408230,18
136336;359;43897;4187;366088,76
46736;221;24975;2173;330397,84
41073;220;11658;2670;361957,08
132043;117;18521;4098;29239,08
8228;426;41710;2225;239318,51
133906;27;16856;1241;256913,09
97243;427;20950;4900;270462,49
61097;226;17025;3914;441565,28
101011;443;34575;4568;273674,11
120184;303;38771;1665;376441,51
100572;462;2465;3377;233150,5
5105;338;7468;2055;29109,01
77914;238;18444;3302;299095,96
123161;395;29993;3256;484295,99
71354;373;26000;3300;473117,37
101277;71;32960;673;170111,23
19980;493;10213;867;310056,19
55714;221;12359;1703;261981,84
124635;432;22671;3021;65662,72
22566;55;42475;2314;187153,4
28381;244;4148;3014;85818,57
54389;389;41158;1087;410631,51
144904;299;5080;2663;306056,02
63553;410;8521;4833;16199,99
96043;235;15175;1655;182994,89
65919;287;45534;2793;422567,55
136632;131;11905;3841;365921,37
41783;222;42781;3471;435256,0
20555;466;32051;3752;452099,96
138657;44;38894;4172;218567,22
124457;44;34659;753;477229,05
87970;222;40056;2199;348748,77
138383;488;49640;610;347674,63
137187;318;38132;139;87310,2
3419;181;40137;3247;57984,13
11872;404;19081;1318;93728,3
132601;422;24755;3314;488701,99
100345;25;9774;3508;469607,55
145085;339;10433;3855;203093,61
102335;374;32159;2542;286302,56
130879;62;38608;3318;67842,07
59003;392;34088;2057;231327,82
68973;156;11173;1895;244675,48
71334;287;40806;4306;432289,5
104091;100;24299;507;155672,51
59897;319;11984;3592;479332,53
139665;374;4584;2116;95145,08
40444;438;33750;1457;350368,16
40100;460;16106;624;127933,59
118822;492;5562;3741;213649,35
68661;199;39598;4726;118792,28
54984;167;1305;3310;281920,43
27641;361;45294;375;14335,92
129842;224;8250;2845;18175,0
84068;454;32601;2495;62792,19
24912;325;38278;123;48888,37
34511;273;43503;4801;52716,35
47235;338;13007;886;375819,98
116942;239;30011;3707;144305,78
114750;166;23137;139;376083,66
51650;91;44522;1390;76284,12
106721;361;23641;1971;470551,36
60224;252;36136;2811;174408,68
107839;320;21036;1625;393371,48
2478;214;4213;2780;6211,39
144719;8;6625;2174;276548,61
80312;65;13548;2284;210073,52
48237;70;37756;4115;306686,82
84308;323;34505;2988;461690,86
28145;63;15736;3807;100316,13
63411;234;9496;1803;321539,96
15241;348;39295;1395;370770,84
128575;372;45263;2686;167396,4
33699;422;28799;883;412020,43
55694;105;40941;4683;153126,47
47646;75;10937;2067;468929,64
140947;208;35968;1803;432771,55
36443;480;26800;3484;121561,84
58766;290;37459;1079;390088,64
15910;48;46414;3730;244208,93
68676;150;38235;4643;374748,48
11647;450;30705;3415;477475,85
126901;470;25313;2992;80853,37
33261;352;6127;3105;3250,09
95653;110;14721;1767;7899,11
64198;282;15203;3678;348509,67
28583;182;23018;1900;135225,29
70834;14;42017;4960;452337,08
132262;332;19607;1256;239399,83
54844;475;2029;4028;358564,94
87219;400;43438;542;496930,65
25754;221;7363;2166;216908,88
88810;230;36764;2242;233806,42
124222;194;3980;859;64824,95
62343;478;45386;3848;389422,69
36311;236;44263;1285;155375,8
98627;303;31236;3602;350046,12
16836;371;27266;4251;268728,6
12620;160;17108;2032;463107,58
38440;52;49957;297;240915,02
107923;347;33402;4084;150650,69
30118;6;25099;2379;321039,89
72832;373;2853;3640;376500,42
118206;136;45986;884;236814,01
101940;429;45506;4194;429516,54
9498;444;40817;2584;307400,11
101251;431;25354;2020;250436,5
8871;272;33550;2770;124095,39
15565;251;17435;3083;116992,37
10369;471;7379;564;81194,11
37278;92;5712;1774;177254,96
69421;159;46496;252;480201,75
18928;241;33761;3120;437139,26
66505;129;19744;3215;240432,89
72844;56;22389;4601;113544,62
23095;303;11221;4314;43924,76
8752;347;42157;3638;256818,32
43114;273;19891;3223;432553,28
89613;364;39429;2381;76425,37
120751;52;29669;3853;455896,75
73514;323;30248;478;318567,67
102104;340;17300;711;254510,23
101559;284;4751;1241;247914,56
17600;269;38024;2552;316014,57
30860;93;37037;4620;476706,99
122191;401;46233;1715;93963,82
113427;197;24460;1795;282707,58
56747;214;35789;792;298432,45
36513;44;9273;766;123040,03
32190;243;21621;142;304422,43
131199;488;5113;2805;248566,81
107942;49;43620;1781;219501,17
44907;225;33494;2477;85901,95
82658;220;22054;2126;66054,38
30949;179;14830;1831;214226,29
76335;420;26900;841;61781,59
113328;259;22754;4643;238347,61
92662;248;28886;1358;398032,92
136281;84;13998;4758;309228,81
412;277;34944;4076;407066,03
59661;187;24228;2083;439940,65
26593;476;32303;4199;47818,13
63723;443;39931;1793;168681,27
143183;73;22602;2099;342738,53
92238;83;27201;2413;119740,07
36845;299;7202;1245;141489,13
120152;438;34399;2430;130322,04
123633;303;32626;1465;365180,68
86931;290;8763;313;207454,46
63364;92;42411;4113;249289,16
52340;389;9017;291;428542,44
78631;352;17184;3551;273610,81
42462;131;37368;3290;456602,5
9780;93;39534;3380;111651,66
79452;103;14600;4019;298869,35
52043;438;16598;4745;238917,7
20790;338;11206;2999;214827,35
139966;419;48453;4698;88992,29
42024;251;11344;1751;95117,27
8560;113;9188;774;132682,56
149876;263;19785;3906;372936,91
4503;39;16937;4192;145777,13
82283;169;12302;159;392052,98
24290;240;3938;4685;164666,67
90502;37;36934;4516;2349,13
1888;289;17593;546;274229,18
79140;463;46123;4593;31824,36
87105;292;25738;1482;265985,61
101296;496;26860;4786;351274,55
110565;245;22443;766;45727,08
57498;90;13985;1171;453673,48
58379;35;28643;3688;122651,62
127004;127;27323;3170;331426,73
79178;271;13933;246;96083,12
126225;267;192;2988;220899,62
64954;179;24278;4934;305309,06
24729;494;17378;2205;133240,9
7174;103;37877;4676;332682,38
108895;133;18975;2158;23072,35
18411;25;16145;601;357616,69
53517;123;12309;1796;20275,14
110659;347;24161;2118;233664,28
127971;260;22842;2456;35840,5
146193;332;25750;3865;20757,98
51306;197;1516;4426;89774,8
30440;146;26883;892;499060,91
145846;439;22814;1046;101173,97
3603;376;29523;3776;315680,97
109411;243;36992;2789;55500,25
66321;67;620;3476;219961,93
6811;7;27318;3228;221719,63
118648;146;39365;4422;406958,24
133871;383;22117;4538;390219,21
24533;11;32077;814;488195,76
49073;274;17428;3247;175320,58
47728;34;5804;4469;210880,35
140032;302;14166;1231;63160,38
38292;496;21352;1589;398688,43
126486;82;21271;2545;416242,77
82374;8;2175;4137;166950,27
100687;132;17288;3021;224551,39
9705;236;39852;3792;395546,36
89374;394;43047;2776;320932,34
100587;214;45011;4855;403902,58
143955;25;349;3456;227909,66
56786;90;20726;1756;184132,91
9397;181;3691;3138;499744,34
125607;79;23343;4425;245113,29
71335;457;39204;3335;256817,46
112851;198;19008;882;403603,96
29565;54;23432;2280;245741,66
113620;288;17383;4895;146179,78
20707;193;14086;2626;328616,91
149256;353;42879;4646;65396,0
124328;264;19547;2660;377189,95
145561;382;35416;3308;473970,42
130533;478;29212;1994;74146,69
25148;476;39304;2000;301443,13
121860;311;18568;2088;444169,62
90253;250;37706;3769;215167,63
64567;172;2349;3393;107036,89
143824;188;20153;637;105857,87
139673;272;25521;1079;124346,37
59879;89;37042;2979;484697,6
135212;450;17251;3843;79815,72
106746;440;22373;1917;489006,17
143553;134;30721;3378;142815,88
108168;355;28203;1018;95388,51
21328;16;44906;2574;62508,56
21382;122;7786;4117;43961,26
4593;166;9544;4773;465490,38
40922;460;22116;1493;180705,54
108586;434;21446;4639;477213,86
10022;258;17062;466;335234,92
47974;19;2877;1768;240685,81
43529;19;44334;1307;293734,14
81372;193;36015;1302;260050,84
101446;252;35943;1965;379489,68
14293;382;18690;2869;41079,42
84206;92;3769;3549;75817,22
97597;50;32064;4823;108628,35
119118;345;20880;4446;359181,98
66259;110;2178;4764;78957,24
32217;372;2685;3837;309746,43
93965;104;45610;201;244420,13
26621;240;10386;3838;60364,68
134067;86;5543;132;198839,03
127983;307;9452;404;413183,54
116202;388;41849;3497;35828,68
109844;38;974;1000;129440,53
7439;405;43475;1008;58188,83
38937;300;7272;3823;399142,33
73211;43;49273;4771;32796,73
5699;382;6774;3509;43107,56
73389;117;35551;2656;303673,14
128450;167;10163;1544;357805,65
105130;461;6371;4689;386942,76
40122;94;6479;1080;64320,62
56888;425;3995;3391;294531,03
3018;379;27986;3827;264432,38
30977;324;15501;3894;178014,71
89891;18;24456;103;153411,38
146657;202;12199;3893;132307,29
92744;90;28461;3998;429208,64
130532;118;3170;4464;323401,79
94647;498;2549;3893;13607,15
39618;219;18969;807;10074,02
133557;430;10972;4045;149109,51
78491;358;4917;2673;153054,94
129799;231;41112;2197;144758,45
22591;385;1302;4059;496839,97
146187;445;8258;1126;246444,31
89732;480;13718;3484;391323,88
94406;47;2187;3741;475323,1
109329;205;38259;4381;115144,61
1948;81;36987;1345;356577,8
92013;30;38359;1537;276323,56
115303;19;1443;1611;130821,18
88795;389;19433;1347;498020,03
83155;289;45901;3692;463316,24
99896;485;3145;4191;327021,58
35450;147;13142;3495;199847,47
88621;441;37263;533;393749,49
47099;72;29730;4929;480448,11
107119;372;41459;904;94344,39
136761;69;28075;1362;419891,26
35952;123;17317;798;173576,24
119034;461;9748;2676;229161,07
114026;357;29845;2979;361273,09
47724;478;48315;4279;307515,04
42158;260;37814;1883;94544,75
147871;442;42009;4606;411238,67
116417;251;15074;2338;485543,85
105659;37;41001;3127;417550,96
36919;163;46602;1465;273662,76
67918;198;41944;2356;369828,03
72528;325;33169;2747;396527,15
42744;473;35081;3531;28766,83
62824;335;48627;2426;378741,12
124366;334;5226;3589;72219,6
140670;283;35983;4942;384969,32
76108;64;46179;3594;127936,55
100382;273;4958;421;441293,12
76056;14;39158;4264;2823,78
113667;435;33254;2089;471307,14
36946;243;32189;4435;376322,37
82015;107;5524;743;410963,7
72256;426;30368;3510;135135,1
133929;65;4338;812;300633,49
3094;125;43248;4581;330596,14
87988;258;9255;1601;255877,47
48017;272;40959;197;145698,11
134975;314;43565;2561;263945,2
39878;398;22267;2282;41280,77
92282;63;30048;3065;298924,17
21304;360;32823;4247;368164,65
104156;184;44641;2393;279070,38
23888;41;39617;467;232577,18
143291;272;38634;2754;46176,19
144084;382;35861;1168;447916,6
149048;344;36321;4360;285919,8
32081;425;39195;4969;376495,37
31126;219;37719;4125;386063,96
46180;403;15504;4388;15446,91
45151;271;15940;1837;157192,67
91440;340;24611;3873;397089,93
56241;193;49454;4108;296164,76
16971;170;12536;1610;1755,47
92518;438;48819;854;246110,87
66588;242;23025;2984;46087,4
58195;119;2777;1961;306416,33
27305;214;35332;475;498339,33
96057;450;7940;2430;482394,04
129186;370;43417;4136;411735,14
143455;316;49646;1578;88303,21
40105;459;3878;4169;24352,72
56825;184;13055;4817;376285,17
98202;120;17662;4475;449224,26
44684;13;25470;2927;78861,48
100426;336;24987;1836;491588,12
59653;177;32648;2839;58286,92
33492;316;28072;1268;395944,87
144503;240;24966;4072;452947,8
43650;179;31721;281;19592,0
38794;398;33678;4367;467392,49
47075;9;2125;4540;293793,16
84394;107;25367;3484;375728,31
88233;38;35212;2463;59514,24
60558;408;20966;3999;388190,13
109885;368;46476;2682;159955,52
73716;456;16632;3577;143798,96
83790;158;19868;2818;181752,5
92043;409;48869;143;150072,39
145294;94;9753;341;103109,95
80859;335;8293;1337;156835,84
94255;18;21576;2521;111017,57
91361;51;37783;2672;177715,44
105067;300;8907;4262;82788,64
75870;157;23157;2058;255736,0
147679;179;21484;2421;18142,61
141022;311;8108;1105;213085,88
80439;412;3234;1220;196086,47
63965;215;48846;3521;447797,64
93473;409;42413;2333;436735,32
28996;482;12580;668;354936,07
129030;444;2975;1645;216103,81
115789;434;20921;1181;35099,3
145684;221;9752;672;213049,27
42826;486;41759;2924;302651,61
59898;460;17176;4775;409984,75
30762;270;6481;1726;473925,94
112297;129;17058;881;393676,77
105635;139;15212;3410;66742,57
57883;266;47002;4067;172365,28
115587;116;6567;4176;410313,65
9885;44;24677;3348;389665,48
107382;8;9574;1696;59768,49
30703;216;9258;3965;279201,91
123700;207;4879;3958;394205,35
23195;385;41075;1704;367099,8
84133;162;39042;3009;305259,19
108674;412;49823;3954;26039,71
122946;314;5569;3886;185686,57
120677;25;25226;1026;362534,55
8587;495;49733;2975;493662,99
33222;62;7213;4908;14140,62
50542;246;38456;1434;431501,15
139716;336;40810;3334;250954,82
77315;277;37740;2164;156608,12
20686;419;44273;226;58465,13
82217;264;35920;1232;371447,07
147868;351;44757;225;321326,52
86905;211;26122;1453;483958,45
148618;3;24550;122;498539,15
33481;150;13596;3976;176627,7
91297;209;47521;4647;21125,92
77124;348;36838;732;43196,9
98800;328;28591;1819;426039,15
120314;418;6638;186;109159,37
22892;476;38918;2485;352747,79
95240;409;13189;3564;17176,66
125709;313;24811;1832;449528,87
1546;496;22495;1056;283548,47
117569;308;9517;4278;436560,57
107184;327;25985;2141;255958,62
65328;108;27374;2633;279982,72
148704;465;44515;2137;295255,43
96479;402;24909;3111;329730,79
119885;135;33442;2415;240860,36
146741;6;49960;1597;276698,68
42985;208;14079;2873;494641,11
148593;197;4251;1279;1410,06
51175;453;7997;1428;114275,75
136758;348;12511;3066;178162,06
135999;150;33451;4954;240079,08
81881;496;17317;748;72296,91
124341;486;31049;1135;394998,2
86550;379;31768;2604;358572,93
7264;137;21515;1374;118140,62
54254;476;7429;548;297573,87
82957;446;14574;2476;439847,86
128054;354;45973;2905;80985,48
58818;388;37033;335;311540,42
143809;79;42719;4556;343119,82
31876;339;32593;2870;471708,57
50220;368;6249;4460;354444,22
21854;446;2854;2596;420689,11
70406;162;26088;1605;432673,03
131596;73;13374;3680;159013,18
18552;386;28632;4662;300820,74
16844;316;33182;2564;242091,77
46870;263;41057;4424;111093,41
109604;408;40910;2777;337788,01
53736;5;25331;1935;346894,24
61467;113;12799;3271;349695,17
16591;489;35471;3256;67490,96
35969;140;20823;4107;432635,63
116566;388;10726;2147;423801,01
82097;297;41728;2867;349802,88
139607;37;26948;4120;483135,69
91716;309;18694;1624;446072,82
78507;305;39799;229;324076,76
141866;30;14966;491;180111,59
133531;448;29124;797;453865,1
60110;352;38526;3472;102811,24
20763;463;41711;382;242094,99
719;35;41747;2234;251504,43
84431;68;16711;4378;41052,46
9428;211;16349;2158;278510,52
78154;432;41419;4905;182610,1
89630;340;14593;450;373623,4
72003;70;9466;2088;55186,13
106992;343;18044;4585;2377,51
84408;40;32276;3701;397796,53
96440;70;34615;3885;182900,01
24405;226;35988;1923;415082,02
8872;143;48525;3561;425990,11
13677;158;16033;2116;277485,59
41100;473;20816;3563;204443,0
129599;302;9052;2144;471523,83
21535;57;1309;3686;223458,42
11764;77;19021;2314;491670,97
47659;216;19565;2713;141180,51
50398;482;20964;3341;330302,49
3237;419;41892;3160;419328,48
80479;425;510;2501;328061,4
98513;68;12416;2201;37463,36
13495;136;44199;2801;245960,84
21093;261;19103;4717;341380,15
82413;196;1094;2179;387584,87
91364;386;44829;2519;438650,14
42622;404;2816;4608;340349,86
19233;243;6500;3690;115782,0
15231;24;4579;4542;125920,41
45246;29;10041;4227;431981,59
97101;215;8462;3113;442019,88
116167;127;18558;4186;378066,6
26737;112;12602;1136;189405,84
65163;23;22312;4909;145828,15
147924;272;11854;4920;249390,53
125030;48;7499;4068;221090,49
43581;172;29895;3305;468876,22
135938;292;23636;1847;183237,9
94000;227;9752;1327;49111,63
145680;418;17097;345;208353,18
83475;414;21544;2185;384511,1
114391;405;46048;372;7089,16
116399;166;1006;1264;97228,06
49849;426;20620;1836;13910,97
74419;139;14595;4678;345717,64
90826;242;3817;799;492815,61
147219;329;12664;1388;68837,09
72056;362;31060;3435;239794,03
32586;102;6783;4611;411161,63
1067;236;18744;3572;187372,39
87543;239;10831;3368;3534,96
130506;220;20053;4691;401938,78
76185;266;6292;4773;305120,06
5681;499;22950;2532;104480,78
65603;469;42292;4053;404931,56
4253;227;46419;1231;156117,01
25060;70;2561;3045;143803,27
124210;462;26566;120;243510,66
45144;412;12192;2614;285457,29
40661;219;18373;3129;434098,37
23300;35;36979;2382;230023,48
65143;40;32624;4409;314545,23
48062;106;36378;4123;43108,03
37121;125;37504;621;365691,91
107877;257;45583;880;292031,73
53144;61;6269;2091;273700,26
20584;166;34486;3961;97559,36
135694;256;9257;1569;164179,12
10916;494;31345;3359;176155,68
117517;404;7273;3388;137018,9
38744;123;23217;3880;197708,9
19791;375;19648;1678;111993,65
99566;147;48942;412;126932,86
145746;174;5632;4996;426834,29
25018;102;44789;1929;209253,56
15865;354;31627;338;298326,69
109850;453;41939;3756;103842,0
44406;401;954;801;435285,79
136302;291;33393;1215;192883,49
135827;358;48873;3669;424330,25
48919;128;12300;2874;49856,14
39265;468;32397;1524;427555,05
26405;28;6156;3460;313881,09
