Material_ID;Produktionsauftrag_ID;Zulieferer_ID;Materialcharge;Materialtyp;Materialverbrauch;Materialkosten
114019;666584;18;387922;Elektronik;28344,8;70862,0
226569;741448;103;963220;Stahl;3829,8;9574,5
89437;410387;70;717098;Kupfer;11603,5;29008,75
88212;338195;65;444296;Kunststoff;6132,0;15330,0
119793;210094;3;466047;Aluminium;24602,6;61506,5
183685;324545;40;532083;Kunststoff;6290,7;15726,75
98841;622188;132;274457;Aluminium;15976,4;39941,0
63909;637123;27;373707;Elektronik;6406,4;16016,0
299469;29386;108;563297;Kupfer;15741,0;39352,5
183220;620080;134;645165;Stahl;18545,9;46364,75
330081;349253;91;294686;Elektronik;10223,5;25558,75
316164;456902;118;585822;Kupfer;12467,1;31167,75
245267;462117;147;771550;Aluminium;9513,0;23782,5
42624;563266;48;523787;Elektronik;5204,9;13012,25
261572;573659;1;738330;Stahl;14357,75;35894,37
382658;350775;110;799734;Elektronik;4979,65;12449,13
22774;416897;143;546171;Elektronik;6461,4;16153,5
158132;166814;38;922631;Aluminium;9860,4;24651,0
100693;83838;108;435480;Elektronik;24282,5;60706,25
18102;185932;135;690620;Aluminium;7687,75;19219,37
369888;257478;82;136583;Kupfer;5888,45;14721,12
336987;378979;119;839334;Kunststoff;16237,5;40593,75
161082;444084;116;396742;Kunststoff;10697,3;26743,25
381904;173021;31;775171;Aluminium;11803,9;29509,75
323440;451460;99;964283;Aluminium;15117,55;37793,88
56660;76292;35;746573;Stahl;2844,9;7112,25
395918;63224;99;473191;Aluminium;18812,2;47030,5
77287;183913;73;130207;Stahl;9344,0;23360,0
78033;354794;19;249128;Stahl;12689,6;31724,0
221405;145067;78;679213;Kupfer;16467,0;41167,5
266946;777028;103;718035;Stahl;4324,25;10810,62
259679;543544;3;745244;Aluminium;5785,65;14464,12
139914;628270;35;764288;Kunststoff;11673,95;29184,87
108266;455392;36;425846;Aluminium;3364,9;8412,25
310658;720518;44;518689;Kunststoff;9844,0;24610,0
299560;135278;16;685852;Kunststoff;2325,6;5814,0
48012;290048;125;366881;Kunststoff;16136,7;40341,75
188831;457522;150;397204;Elektronik;2403,2;6008,0
19809;615107;36;988886;Kupfer;2362,1;5905,25
99624;353788;103;572110;Kupfer;8267,65;20669,12
226921;196778;56;889369;Stahl;6280,0;15700,0
77677;757560;64;699710;Aluminium;4174,3;10435,75
40943;377400;22;968004;Elektronik;8685,85;21714,62
127493;255016;72;683749;Aluminium;18467,5;46168,75
326023;159147;9;191102;Kunststoff;11225,9;28064,75
198282;505923;2;563323;Kupfer;8053,45;20133,62
86997;519009;96;895042;Stahl;7724,6;19311,5
306525;13964;88;104007;Stahl;1826,5;4566,25
384450;196506;94;110846;Kupfer;19597,5;48993,75
196819;409810;109;224372;Kunststoff;9655,0;24137,5
82877;558464;148;782237;Stahl;3634,65;9086,62
51217;403708;122;699747;Elektronik;6150,2;15375,5
202281;396737;89;163733;Stahl;1865,0;4662,5
164397;778454;113;156542;Stahl;5707,6;14269,0
354276;144080;26;747107;Kunststoff;6702,5;16756,25
177997;185976;31;980175;Kupfer;11899,8;29749,5
336621;240027;133;478171;Aluminium;16210,3;40525,75
92222;302373;133;364056;Kunststoff;14473,0;36182,5
387062;583835;42;253293;Elektronik;1118,6;2796,5
113702;482998;78;386609;Stahl;9015,5;22538,75
189299;374532;125;887897;Stahl;5057,2;12643,0
218542;227798;51;336808;Stahl;20655,8;51639,5
287621;105004;45;510762;Stahl;1983,75;4959,37
151132;372370;28;893932;Aluminium;8898,7;22246,75
264907;798856;120;360725;Stahl;7905,4;19763,5
319981;633430;123;542179;Aluminium;15353,0;38382,5
197793;657467;62;225174;Kupfer;5198,6;12996,5
127182;338938;93;675272;Aluminium;8835,0;22087,5
247999;168781;116;253981;Kupfer;10375,9;25939,75
316633;486350;116;550732;Aluminium;4529,8;11324,5
77051;108641;132;102836;Kupfer;12436,8;31092,0
217740;168297;73;653495;Kunststoff;2209,8;5524,5
297876;660644;124;346849;Stahl;4421,75;11054,38
86046;41169;61;658602;Stahl;13295,05;33237,62
151095;685488;75;405329;Aluminium;1527,5;3818,75
17858;292996;60;181748;Kunststoff;25460,0;63650,0
318783;493383;35;158180;Elektronik;21937,5;54843,75
48950;692585;92;468578;Stahl;15561,55;38903,88
351359;315023;134;649111;Elektronik;1420,9;3552,25
332724;84070;79;660666;Kunststoff;22122,5;55306,25
262416;308838;41;237729;Kupfer;2224,3;5560,75
283444;84406;37;750848;Elektronik;12973,4;32433,5
194315;608396;106;860920;Aluminium;19866,4;49666,0
223076;529683;138;978333;Kupfer;6898,5;17246,25
221672;405021;95;566177;Stahl;15908,2;39770,5
243556;133815;95;481466;Kupfer;8476,8;21192,0
118748;273532;79;576389;Elektronik;10969,25;27423,12
152053;684598;118;457480;Kunststoff;3325,0;8312,5
316851;180068;16;313266;Kupfer;20245,0;50612,5
149039;281163;98;857761;Kupfer;10728,0;26820,0
391883;23178;20;916775;Kupfer;4087,6;10219,0
165250;127319;128;276552;Kunststoff;10846,8;27117,0
102358;77103;130;749898;Stahl;10680,5;26701,25
6749;438455;90;452854;Kunststoff;7204,8;18012,0
160153;509217;31;219261;Aluminium;7896,7;19741,75
181062;31834;94;399947;Stahl;867,15;2167,88
24602;138317;121;188909;Kupfer;1281,25;3203,12
201127;519269;57;573371;Kunststoff;14376,65;35941,62
107009;761932;106;467161;Stahl;5001,35;12503,37
220690;346228;127;674662;Elektronik;10979,8;27449,5
395697;59796;95;228538;Kunststoff;13562,9;33907,25
378475;445922;31;604175;Elektronik;6819,35;17048,38
111497;601988;23;500125;Elektronik;1275,2;3188,0
106158;629017;129;330448;Kupfer;3227,4;8068,5
323446;341110;117;837072;Kupfer;8579,0;21447,5
145481;286541;54;249557;Elektronik;5984,0;14960,0
206990;38920;130;884021;Elektronik;13172,5;32931,25
191454;36537;109;441622;Aluminium;1836,55;4591,38
2743;744306;84;407257;Aluminium;5205,25;13013,12
376124;512822;118;911283;Kunststoff;5703,45;14258,62
45938;530050;79;143798;Kupfer;12141,7;30354,25
182169;781286;77;871187;Kunststoff;11684,4;29211,0
74711;293611;79;540163;Elektronik;25485,0;63712,5
109939;632852;111;290325;Kupfer;12556,7;31391,75
363057;677823;26;302825;Kunststoff;14801,6;37004,0
10917;155111;28;244378;Elektronik;4162,4;10406,0
272704;123995;55;897473;Stahl;6881,8;17204,5
29551;47618;51;638738;Elektronik;18855,0;47137,5
264756;774233;121;145200;Elektronik;2047,5;5118,75
117623;296243;12;620363;Elektronik;723,35;1808,37
59847;53150;140;708300;Stahl;2095,3;5238,25
159869;519814;103;435535;Elektronik;3346,4;8366,0
294235;589175;113;874320;Aluminium;9644,8;24112,0
153508;287633;75;569282;Aluminium;18978,6;47446,5
219734;607951;72;364636;Kupfer;11799,8;29499,5
363092;196351;60;243932;Aluminium;10906,0;27265,0
163775;103391;77;438067;Kunststoff;5557,5;13893,75
377523;689875;3;944562;Kunststoff;7019,2;17548,0
233763;208832;123;683443;Kupfer;10488,0;26220,0
221487;562969;97;256043;Kunststoff;6053,25;15133,12
36821;701079;27;378531;Aluminium;20611,85;51529,63
27970;376951;9;754654;Stahl;18116,15;45290,38
295378;652217;33;995146;Kupfer;3700,7;9251,75
269016;382545;148;149835;Aluminium;4245,0;10612,5
366509;84604;36;357609;Stahl;7251,2;18128,0
35583;668613;51;212892;Kunststoff;15405,0;38512,5
261237;162066;75;422564;Kunststoff;8586,5;21466,25
91313;485978;61;287722;Stahl;13044,85;32612,12
337514;240693;87;165384;Elektronik;21683,2;54208,0
313707;263265;123;806652;Aluminium;6067,5;15168,75
68766;386042;81;114200;Kupfer;14076,8;35192,0
57381;20367;2;322331;Kupfer;8830,5;22076,25
226023;298862;133;243172;Elektronik;10494,4;26236,0
313488;240387;125;430334;Stahl;6650,8;16627,0
75371;392402;69;125685;Aluminium;10678,8;26697,0
362570;779845;115;564958;Kupfer;11903,5;29758,75
161748;581759;48;642315;Aluminium;5845,4;14613,5
247371;626238;70;756480;Kunststoff;1300,65;3251,62
44682;466818;146;809066;Stahl;14691,3;36728,25
350488;199546;72;465706;Stahl;11928,95;29822,37
334464;343649;72;284892;Kunststoff;4257,9;10644,75
120517;478471;130;736092;Kunststoff;8177,6;20444,0
151264;611318;85;999327;Kupfer;11116,8;27792,0
107733;271917;103;147718;Aluminium;24605,0;61512,5
114825;503991;150;762635;Kupfer;7211,65;18029,12
276771;335322;59;816505;Kunststoff;6688,5;16721,25
225745;252118;143;104793;Aluminium;16164,25;40410,62
16036;152443;126;707648;Kupfer;22127,5;55318,75
30248;504160;119;813839;Kunststoff;19977,5;49943,75
264842;122162;136;826099;Kunststoff;3772,8;9432,0
289765;770792;56;361219;Aluminium;12777,5;31943,75
122858;698828;15;455846;Kupfer;1962,7;4906,75
42909;173026;30;314174;Aluminium;1311,0;3277,5
113754;713034;81;719765;Kunststoff;9550,95;23877,37
211176;631235;120;683961;Stahl;21237,5;53093,75
213960;722741;29;333079;Stahl;18677,0;46692,5
357805;495232;68;641818;Aluminium;11887,2;29718,0
66889;452740;29;874047;Kupfer;17445,5;43613,75
201947;98400;14;711206;Kupfer;3157,0;7892,5
214635;104555;46;897995;Aluminium;10560,45;26401,12
362270;117475;117;230366;Kunststoff;2295,95;5739,88
241759;90325;142;866448;Elektronik;11028,6;27571,5
245141;679673;19;447327;Aluminium;4364,25;10910,62
379402;551012;111;671537;Elektronik;6612,8;16532,0
322265;442250;84;811847;Kupfer;9782,4;24456,0
365192;6906;138;981291;Stahl;21543,45;53858,62
38672;82498;139;889399;Stahl;9411,75;23529,38
222416;514776;111;664593;Stahl;12065,6;30164,0
290451;218052;146;229185;Kupfer;1281,6;3204,0
220869;518435;86;642122;Stahl;18911,25;47278,12
250683;617032;12;958169;Aluminium;1904,4;4761,0
395438;639681;109;835128;Stahl;8432,2;21080,5
94348;661822;61;914047;Aluminium;1283,4;3208,5
149037;246646;52;680535;Aluminium;9792,6;24481,5
227037;7685;44;953848;Aluminium;7642,5;19106,25
162149;218773;17;778716;Kunststoff;11033,1;27582,75
8591;287725;115;435949;Kunststoff;11213,65;28034,12
7357;26262;96;412579;Kunststoff;12007,15;30017,88
80730;38462;124;968127;Aluminium;7212,4;18031,0
113166;312865;31;136308;Kupfer;7339,3;18348,25
396175;339023;2;376887;Kunststoff;20238,8;50597,0
49751;511302;42;525329;Elektronik;10324,8;25812,0
187878;237937;36;725098;Kupfer;6465,8;16164,5
130697;396226;101;972784;Stahl;6886,2;17215,5
88611;331568;88;961981;Elektronik;14494,8;36237,0
312088;450083;40;928838;Kunststoff;9138,5;22846,25
61564;455959;101;551352;Kupfer;9205,0;23012,5
221240;270637;142;315666;Aluminium;7741,8;19354,5
198449;307433;104;112234;Elektronik;3988,95;9972,38
236426;711981;2;815060;Elektronik;5911,4;14778,5
246471;607579;8;548849;Kupfer;16557,85;41394,62
119339;461749;74;523066;Stahl;6735,1;16837,75
82698;527574;31;765151;Stahl;16313,5;40783,75
195572;241145;101;845354;Kunststoff;20564,85;51412,13
3821;659319;98;192493;Stahl;6411,6;16029,0
359327;381358;142;265505;Stahl;14041,6;35104,0
202654;310646;107;368829;Stahl;4891,3;12228,25
17266;368494;52;402811;Kupfer;9392,25;23480,62
384882;440094;109;860209;Elektronik;7617,5;19043,75
231517;455601;114;569417;Kunststoff;2479,5;6198,75
84461;76685;73;970447;Aluminium;14863,75;37159,37
376386;81280;129;257199;Aluminium;5963,1;14907,75
53004;86931;111;291017;Kupfer;8422,6;21056,5
346976;260202;136;738475;Aluminium;2180,0;5450,0
399709;456118;137;499006;Kunststoff;22074,8;55187,0
251180;783988;52;928474;Kunststoff;4955,35;12388,37
238054;11245;102;199645;Kupfer;13000,75;32501,88
103972;366745;148;194308;Kunststoff;1459,9;3649,75
81939;313604;29;108622;Aluminium;3928,05;9820,12
103184;462238;48;345000;Stahl;3694,6;9236,5
322783;673177;16;441235;Elektronik;4756,4;11891,0
196353;109767;41;894863;Elektronik;4519,05;11297,62
384037;783089;106;403399;Kunststoff;21260,55;53151,38
367071;144508;91;122157;Stahl;21010,45;52526,12
231543;709458;84;357525;Elektronik;16003,7;40009,25
320200;674768;86;824324;Kupfer;1410,5;3526,25
355672;361223;99;448925;Kupfer;1155,0;2887,5
384713;70674;52;644779;Stahl;7060,05;17650,12
340521;310978;139;828274;Stahl;10771,1;26927,75
298381;487957;12;225414;Aluminium;15370,0;38425,0
180644;286569;15;979446;Kupfer;9689,6;24224,0
155541;187278;120;511585;Aluminium;9895,2;24738,0
146553;583212;60;884193;Kupfer;10268,7;25671,75
27219;416362;28;634402;Kupfer;12242,9;30607,25
318205;594269;37;508570;Kupfer;1371,95;3429,87
317457;257806;89;780975;Aluminium;8481,25;21203,12
247839;562952;53;520638;Kunststoff;9408,0;23520,0
334300;604732;2;484816;Kunststoff;2673,75;6684,38
87512;429887;130;919664;Elektronik;4939,0;12347,5
358828;697855;41;455254;Elektronik;2824,9;7062,25
313490;703183;6;160716;Stahl;18425,6;46064,0
340526;5753;25;897888;Aluminium;8088,7;20221,75
110627;207829;26;440989;Elektronik;4447,05;11117,62
357382;51309;23;652253;Kunststoff;2532,5;6331,25
59710;148629;51;263410;Stahl;1956,05;4890,12
102433;240491;44;248400;Kupfer;1097,2;2743,0
237331;223797;16;102435;Kunststoff;15407,8;38519,5
98648;87623;138;702230;Elektronik;5297,6;13244,0
274625;463202;71;569051;Kunststoff;8127,05;20317,62
242955;101896;4;108604;Stahl;20848,5;52121,25
302300;571421;45;931806;Kunststoff;13049,2;32623,0
9585;25402;90;769113;Elektronik;12888,75;32221,88
165593;752702;8;603670;Aluminium;7012,25;17530,62
389199;31874;141;959116;Kunststoff;4377,5;10943,75
15067;562762;44;856120;Kupfer;4079,05;10197,62
136817;717604;62;720383;Aluminium;1495,3;3738,25
98596;707478;83;720052;Kunststoff;10117,7;25294,25
300710;453244;120;678660;Aluminium;14416,6;36041,5
150781;432968;27;117343;Aluminium;24397,5;60993,75
291391;464184;58;334378;Elektronik;4107,8;10269,5
216862;560861;44;699128;Elektronik;8667,55;21668,88
68262;350505;82;905595;Aluminium;14757,3;36893,25
37123;145335;54;955446;Kunststoff;2698,0;6745,0
171011;177667;135;564776;Aluminium;12464,0;31160,0
202293;125511;85;893778;Kupfer;13954,6;34886,5
209691;248464;9;179596;Elektronik;11736,3;29340,75
309649;389566;59;991687;Kunststoff;22554,4;56386,0
19993;223389;89;329489;Aluminium;24105,3;60263,25
194735;62828;43;100246;Kunststoff;13408,15;33520,38
73824;133808;54;311770;Elektronik;5312,4;13281,0
194305;68230;84;114024;Kupfer;2638,35;6595,88
60193;547835;16;251055;Kunststoff;8452,05;21130,12
348939;560544;43;673516;Kupfer;21929,6;54824,0
234176;637568;96;826511;Kunststoff;10462,5;26156,25
69755;429552;70;541082;Kunststoff;12184,35;30460,88
236891;123768;122;440466;Kupfer;6626,5;16566,25
125345;494721;92;693640;Kupfer;7042,6;17606,5
89337;109128;62;586585;Stahl;16588,6;41471,5
360942;23722;22;259607;Aluminium;3321,6;8304,0
302961;43370;3;107919;Stahl;12688,95;31722,37
243495;656498;125;911874;Kupfer;9995,8;24989,5
148054;503136;89;292912;Stahl;1161,5;2903,75
286268;191482;61;426373;Aluminium;7907,8;19769,5
183499;501019;33;255738;Kunststoff;2644,25;6610,62
108185;629265;12;563571;Stahl;1041,9;2604,75
323829;413324;9;179021;Stahl;11732,0;29330,0
390582;663659;104;535561;Kunststoff;4565,5;11413,75
182270;68079;15;182255;Aluminium;15440,0;38600,0
267238;327918;70;144068;Aluminium;13248,7;33121,75
314226;367449;100;950803;Stahl;11132,1;27830,25
282676;77033;27;869471;Kupfer;2216,05;5540,12
312628;41251;97;269682;Kupfer;4776,5;11941,25
140330;31196;69;119740;Aluminium;3576,5;8941,25
3047;183988;24;518647;Stahl;2708,6;6771,5
327871;563543;139;187298;Kunststoff;4037,25;10093,12
14540;399836;62;579319;Kupfer;22742,5;56856,25
231263;698101;86;960488;Elektronik;5590,0;13975,0
62791;378980;98;356300;Stahl;5606,9;14017,25
205736;335368;60;741318;Kunststoff;8792,5;21981,25
33678;548889;17;823911;Kunststoff;8946,6;22366,5
343392;758003;110;764238;Kunststoff;5742,0;14355,0
366932;602161;71;810514;Aluminium;10885,2;27213,0
193417;756264;144;678598;Elektronik;12245,5;30613,75
97033;611248;114;870861;Kupfer;772,85;1932,12
391530;638960;58;736994;Stahl;2626,75;6566,88
217674;402180;139;879933;Kunststoff;2350,4;5876,0
38074;150598;26;187687;Aluminium;4320,75;10801,88
41756;443124;125;883096;Kupfer;2681,8;6704,5
167390;77696;21;731993;Elektronik;3888,5;9721,25
381094;350149;53;275376;Aluminium;4180,8;10452,0
210472;59267;95;291952;Aluminium;19864,5;49661,25
248310;300406;131;948133;Stahl;3744,4;9361,0
83972;191202;3;785825;Aluminium;13037,5;32593,75
64267;464201;74;895869;Kupfer;4971,25;12428,12
18068;122586;8;565992;Stahl;2104,0;5260,0
321879;145791;73;632790;Aluminium;15726,1;39315,25
352606;403133;3;565384;Elektronik;18674,25;46685,62
349292;289391;6;713357;Kunststoff;10550,7;26376,75
104321;229665;135;379305;Stahl;11149,2;27873,0
294514;393158;46;250757;Elektronik;1116,5;2791,25
371089;452122;62;621667;Elektronik;5808,65;14521,62
6913;554031;67;188302;Kunststoff;10167,5;25418,75
93208;784335;38;971461;Kupfer;18713,2;46783,0
386833;7756;110;973717;Stahl;1260,0;3150,0
146857;406903;18;562636;Kupfer;13160,4;32901,0
172355;625911;15;269230;Stahl;10562,5;26406,25
127696;489781;145;690007;Kunststoff;21272,85;53182,12
277056;333168;115;177586;Kunststoff;13819,95;34549,88
103928;597777;9;135001;Kupfer;6598,95;16497,38
121227;291038;146;180635;Aluminium;7441,6;18604,0
360359;520233;149;149821;Stahl;5396,0;13490,0
161342;482994;68;980924;Aluminium;8822,8;22057,0
153890;651857;33;605284;Aluminium;5077,8;12694,5
309403;233468;49;566762;Elektronik;8622,15;21555,38
218093;713373;140;695009;Kunststoff;5278,5;13196,25
200886;33420;110;138334;Aluminium;9818,9;24547,25
288698;547211;24;285759;Kupfer;27332,5;68331,25
361359;267389;99;220522;Stahl;1252,55;3131,38
32637;672639;73;580854;Kunststoff;3138,8;7847,0
245535;45289;6;695259;Aluminium;8336,05;20840,12
238355;174255;15;445409;Kupfer;3948,1;9870,25
338552;540457;150;853569;Elektronik;6146,8;15367,0
272769;289658;55;957763;Aluminium;5069,2;12673,0
356755;14564;122;471393;Stahl;3953,9;9884,75
251282;330179;78;186466;Kupfer;1109,25;2773,12
351842;594208;85;655510;Kunststoff;3730,85;9327,12
300567;200996;69;923420;Kunststoff;4334,4;10836,0
255934;498661;55;496991;Kupfer;15965,25;39913,12
2331;682453;15;620985;Kunststoff;15787,5;39468,75
51375;124524;133;299885;Stahl;7478,4;18696,0
8318;64720;78;313893;Stahl;564,65;1411,62
167858;133195;45;592498;Kunststoff;17006,8;42517,0
104646;414927;137;315477;Elektronik;4503,7;11259,25
282771;659644;103;530315;Aluminium;3056,55;7641,37
326076;429762;42;401901;Kupfer;10467,2;26168,0
383319;455015;122;953842;Kunststoff;8510,4;21276,0
186849;486827;12;635630;Elektronik;11079,25;27698,12
244085;43413;14;489356;Stahl;20860,1;52150,25
337320;579644;107;187165;Stahl;4395,0;10987,5
201353;610481;48;643806;Stahl;5970,0;14925,0
317577;93744;38;816855;Kupfer;21773,4;54433,5
229303;519840;50;679831;Elektronik;5782,2;14455,5
268508;206956;18;317726;Elektronik;10701,9;26754,75
11057;71406;145;338411;Kunststoff;11694,25;29235,62
254149;428636;140;593898;Elektronik;4589,95;11474,88
177888;242424;124;836121;Elektronik;26890,0;67225,0
217438;705295;107;222800;Stahl;20982,5;52456,25
365401;67459;54;165510;Aluminium;11182,6;27956,5
297710;575879;147;229342;Elektronik;13833,6;34584,0
307836;508200;106;669394;Elektronik;7351,75;18379,38
360553;219680;114;645861;Kunststoff;15840,35;39600,88
193436;489857;105;835665;Aluminium;19213,6;48034,0
86105;566931;48;274164;Kunststoff;7793,55;19483,88
18975;649700;115;445564;Stahl;10022,4;25056,0
296117;267516;141;627819;Elektronik;17382,5;43456,25
146111;530328;111;353279;Kupfer;5398,4;13496,0
115894;222458;119;960785;Kunststoff;7904,6;19761,5
236136;419950;27;141963;Stahl;8480,0;21200,0
293066;453986;92;383633;Aluminium;5830,5;14576,25
120405;76114;105;741924;Kunststoff;910,6;2276,5
372838;398308;70;767481;Stahl;1279,2;3198,0
151262;295997;43;685940;Kunststoff;5522,4;13806,0
283996;83439;57;582799;Kupfer;7064,2;17660,5
110856;17551;148;704282;Kunststoff;2453,0;6132,5
176732;764145;15;768986;Elektronik;6818,0;17045,0
57442;729426;28;514225;Stahl;12834,5;32086,25
96916;689143;36;810580;Stahl;12115,25;30288,12
308652;409296;75;631659;Kupfer;22889,0;57222,5
41216;396158;104;178740;Aluminium;11719,75;29299,38
298987;389226;93;214804;Aluminium;5278,0;13195,0
312382;137743;51;950542;Aluminium;14793,4;36983,5
382848;632007;130;144203;Aluminium;7877,2;19693,0
37499;398361;64;238192;Kupfer;6478,4;16196,0
71875;386213;133;685988;Aluminium;7698,6;19246,5
37545;783130;55;533963;Stahl;2755,0;6887,5
246127;21970;28;890830;Aluminium;2180,8;5452,0
58866;429991;130;785799;Kupfer;6154,1;15385,25
277325;266241;70;686157;Kupfer;4429,75;11074,38
115367;288121;49;751995;Elektronik;12143,75;30359,38
57050;61195;70;792428;Aluminium;13633,4;34083,5
285607;320091;94;989756;Stahl;12625,6;31564,0
338254;633050;28;303219;Aluminium;13035,2;32588,0
204931;286258;102;537268;Elektronik;6827,2;17068,0
55573;780305;132;927931;Kunststoff;19127,5;47818,75
293443;12586;114;652165;Kunststoff;2951,6;7379,0
81596;448877;133;899509;Elektronik;7480,75;18701,87
294506;395843;19;312744;Kunststoff;1257,25;3143,12
237769;41391;52;762332;Kupfer;19023,4;47558,5
79348;586821;63;913570;Kupfer;11352,0;28380,0
101731;261291;98;168231;Kupfer;15000,25;37500,62
85556;379275;85;625732;Kunststoff;18717,75;46794,38
54665;336511;53;609656;Elektronik;13390,75;33476,88
380728;292150;11;858755;Elektronik;7820,75;19551,88
117242;371685;85;275129;Kupfer;6847,1;17117,75
114251;96204;23;222842;Stahl;11056,1;27640,25
265562;643206;147;845311;Elektronik;23932,4;59831,0
45691;640736;110;587268;Aluminium;11060,0;27650,0
273072;179797;36;543245;Aluminium;20752,85;51882,13
74305;628826;147;649621;Kupfer;6846,0;17115,0
187553;392042;88;981533;Aluminium;8888,25;22220,62
151569;660673;108;407385;Kupfer;3692,5;9231,25
166133;642531;66;874519;Elektronik;13890,85;34727,12
168526;65991;69;521297;Elektronik;17932,85;44832,13
204084;609518;145;452042;Elektronik;11874,9;29687,25
250097;164272;49;376336;Aluminium;14272,7;35681,75
95628;348486;57;993144;Stahl;2565,05;6412,62
262616;30357;146;538869;Kunststoff;10309,2;25773,0
390952;19742;26;475000;Aluminium;14284,2;35710,5
254430;348730;47;945400;Stahl;17279,5;43198,75
132921;798396;15;853730;Kupfer;6471,4;16178,5
243378;438888;35;493118;Kunststoff;21179,4;52948,5
154441;258206;114;690389;Elektronik;9318,45;23296,12
82516;631273;63;261645;Kunststoff;8641,6;21604,0
261074;609323;32;196779;Aluminium;10814,7;27036,75
52994;365358;107;940582;Kunststoff;13538,2;33845,5
148486;15365;145;565637;Kupfer;4583,8;11459,5
150045;120182;3;909036;Kunststoff;8790,25;21975,62
280837;201743;65;681103;Kupfer;7221,9;18054,75
362258;380860;33;962109;Elektronik;15922,0;39805,0
397503;367971;17;168054;Elektronik;2125,7;5314,25
173541;135241;31;872033;Stahl;2892,55;7231,37
88999;428744;141;970862;Kunststoff;3669,9;9174,75
346358;768253;117;154792;Kunststoff;5203,9;13009,75
78866;198329;129;638496;Aluminium;9338,0;23345,0
390462;148337;76;565328;Kunststoff;7764,8;19412,0
389197;408659;70;292092;Stahl;6883,7;17209,25
228021;472569;131;319248;Kupfer;5482,4;13706,0
337709;471585;148;598546;Kunststoff;4854,4;12136,0
67057;792634;119;216539;Stahl;18748,8;46872,0
395964;688393;10;420137;Kupfer;12028,8;30072,0
27880;699827;37;207127;Stahl;5387,2;13468,0
343359;313935;84;726438;Kupfer;17185,55;42963,88
282426;276022;127;831918;Elektronik;5960,5;14901,25
192741;246478;1;490487;Stahl;2626,0;6565,0
319818;346468;101;334838;Kunststoff;6851,4;17128,5
60706;159681;10;564623;Kupfer;11392,5;28481,25
91174;276445;104;285955;Elektronik;13680,0;34200,0
159180;251710;27;652621;Aluminium;12668,8;31672,0
392969;711035;32;126294;Aluminium;3782,25;9455,62
114862;508604;63;755671;Aluminium;4609,6;11524,0
352620;449439;6;653426;Kupfer;954,5;2386,25
370885;731691;108;928603;Kupfer;8366,8;20917,0
216259;473028;27;673533;Aluminium;21873,5;54683,75
63389;482204;92;817184;Elektronik;26807,5;67018,75
86398;318592;29;562277;Kunststoff;13512,5;33781,25
354515;775062;61;350499;Kunststoff;8901,2;22253,0
53136;164960;127;512546;Aluminium;9285,3;23213,25
303717;109670;61;297781;Aluminium;3323,4;8308,5
71105;631333;56;534952;Kupfer;22537,5;56343,75
16993;781016;116;690127;Elektronik;1255,8;3139,5
229208;752677;99;920323;Kupfer;5293,1;13232,75
283111;364547;92;806802;Elektronik;5054,0;12635,0
225833;450870;115;174605;Stahl;1930,25;4825,62
85429;462968;75;198951;Stahl;11894,45;29736,12
180143;748888;150;785560;Stahl;12756,8;31892,0
125401;721188;35;733252;Kupfer;8132,0;20330,0
66970;259043;104;741405;Stahl;8930,9;22327,25
200890;549355;58;797123;Elektronik;10784,4;26961,0
60420;556560;9;745559;Aluminium;6845,45;17113,62
223261;387043;39;735901;Elektronik;2158,55;5396,37
384770;312480;72;963658;Aluminium;8265,0;20662,5
271958;299458;51;206570;Kunststoff;10195,0;25487,5
364946;27497;89;127429;Kupfer;1073,8;2684,5
353216;622779;63;945787;Elektronik;15397,55;38493,88
78228;66740;121;214503;Kunststoff;17307,75;43269,38
148362;790002;61;979673;Elektronik;5343,25;13358,12
177034;692134;15;540982;Elektronik;13328,0;33320,0
287177;351561;91;546610;Kupfer;18925,6;47314,0
372577;222591;122;601088;Kunststoff;6803,4;17008,5
179812;487251;139;636244;Aluminium;6018,95;15047,38
360160;186055;97;626287;Aluminium;12196,5;30491,25
348710;778290;146;379725;Aluminium;8000,55;20001,38
295887;656576;122;912392;Aluminium;15994,0;39985,0
124023;525770;80;854113;Elektronik;1358,65;3396,62
301897;676071;9;817033;Aluminium;1515,8;3789,5
388739;633332;86;943065;Elektronik;1703,75;4259,38
214378;337421;10;970593;Stahl;4149,2;10373,0
364379;145566;41;705034;Kunststoff;20983,15;52457,88
226832;698087;137;210414;Kupfer;11932,8;29832,0
357059;446384;96;766139;Stahl;11462,25;28655,62
69551;395328;88;279973;Elektronik;11547,8;28869,5
340006;97359;141;451521;Kunststoff;10921,2;27303,0
375936;345256;101;214404;Kupfer;13030,4;32576,0
172016;79694;75;659177;Aluminium;8567,0;21417,5
377793;462884;56;321314;Elektronik;10228,4;25571,0
238015;460832;30;931169;Kupfer;22706,25;56765,62
384772;82130;83;997329;Stahl;1120,6;2801,5
382105;722975;33;576319;Kupfer;8395,4;20988,5
215328;211560;101;644351;Stahl;13731,05;34327,62
148863;748348;129;575194;Elektronik;12437,35;31093,37
143578;435545;86;821508;Stahl;1683,45;4208,62
221378;93244;11;812693;Kunststoff;4232,0;10580,0
170894;525866;75;577297;Kupfer;19951,8;49879,5
36591;51443;109;371449;Elektronik;13136,4;32841,0
67486;780375;84;389580;Elektronik;2976,0;7440,0
218070;330176;115;329029;Elektronik;8405,8;21014,5
19909;436395;132;393812;Kupfer;3612,7;9031,75
170547;530795;34;333428;Stahl;10025,7;25064,25
251513;568818;123;115766;Elektronik;7938,0;19845,0
66359;247271;27;195995;Elektronik;16572,5;41431,25
97408;522936;81;984469;Kupfer;2969,3;7423,25
268475;170255;5;853657;Kupfer;23669,8;59174,5
206165;168302;67;869225;Aluminium;2728,95;6822,38
375193;657108;78;143648;Kupfer;7478,4;18696,0
13486;447041;137;951112;Kupfer;15076,8;37692,0
105396;358100;51;277908;Kupfer;8073,1;20182,75
293509;3637;27;239517;Kunststoff;19272,0;48180,0
344617;588362;122;366495;Elektronik;4052,4;10131,0
351789;791641;61;101001;Aluminium;17043,0;42607,5
58621;523926;71;619557;Elektronik;12861,7;32154,25
266093;688273;3;839643;Stahl;4637,5;11593,75
298599;429228;1;302450;Elektronik;20880,2;52200,5
67554;635141;30;499533;Stahl;6133,6;15334,0
79679;740427;147;286687;Aluminium;5066,3;12665,75
38612;386402;22;857668;Kunststoff;13714,2;34285,5
168051;439040;110;317416;Stahl;11132,8;27832,0
173001;165241;128;580674;Kunststoff;3395,0;8487,5
45279;714242;48;775000;Stahl;2737,6;6844,0
194485;304678;26;999430;Stahl;5982,6;14956,5
165451;636995;26;799146;Elektronik;11091,2;27728,0
182299;416231;7;130207;Aluminium;840,65;2101,62
72948;641153;40;716952;Stahl;3816,85;9542,12
123442;334866;121;912568;Aluminium;4452,8;11132,0
233576;450315;54;771339;Elektronik;19070,25;47675,62
40906;726603;101;892131;Stahl;7700,95;19252,38
238553;784787;133;629581;Kunststoff;11736,0;29340,0
367640;13393;118;793293;Aluminium;5762,3;14405,75
108586;451604;98;432352;Stahl;8896,4;22241,0
71988;599185;8;294139;Stahl;987,85;2469,62
363785;279373;20;197730;Kupfer;9752,75;24381,88
390321;257833;30;562479;Kupfer;7347,15;18367,88
270954;570940;148;602465;Elektronik;2492,6;6231,5
26238;766868;20;681845;Elektronik;8450,2;21125,5
379087;659807;54;592406;Aluminium;1502,6;3756,5
340200;462494;52;847396;Elektronik;17028,0;42570,0
45341;526267;84;201132;Kunststoff;2017,8;5044,5
65047;15357;33;655924;Kunststoff;11126,4;27816,0
351869;281929;22;538629;Kunststoff;1707,2;4268,0
22657;316485;75;757293;Kupfer;1097,25;2743,12
169744;779636;56;853818;Kunststoff;6899,1;17247,75
166232;9852;77;360799;Aluminium;14701,7;36754,25
214346;293870;99;332159;Stahl;3201,5;8003,75
393209;475813;141;528434;Kupfer;11242,0;28105,0
390334;750481;74;512184;Kunststoff;4442,8;11107,0
385810;781918;109;253894;Stahl;1931,8;4829,5
282392;633501;9;325729;Stahl;15116,5;37791,25
264812;188745;91;812746;Aluminium;13180,0;32950,0
305857;780513;106;778294;Kupfer;2938,0;7345,0
198680;622176;51;937928;Elektronik;2378,2;5945,5
281075;711716;61;180667;Aluminium;11894,0;29735,0
214177;482104;74;966679;Aluminium;1725,0;4312,5
398813;736457;37;126449;Kupfer;6660,5;16651,25
223838;707731;72;570642;Kupfer;10015,25;25038,12
184575;135811;12;436896;Kupfer;3972,1;9930,25
398782;113137;135;673225;Stahl;2980,8;7452,0
228777;270507;4;429659;Kunststoff;8195,4;20488,5
321128;606195;144;728659;Kupfer;8923,2;22308,0
53186;307280;110;572452;Aluminium;6708,8;16772,0
390233;17618;35;948547;Aluminium;2529,8;6324,5
89140;658291;141;937674;Kunststoff;8671,0;21677,5
270232;214317;20;842033;Elektronik;2181,55;5453,87
47116;628435;4;440878;Elektronik;6603,3;16508,25
49786;588517;113;547494;Stahl;767,05;1917,62
257776;615839;60;701964;Elektronik;1670,0;4175,0
380569;348906;103;698929;Kunststoff;13081,25;32703,12
36502;453786;9;235593;Elektronik;1314,8;3287,0
386141;597256;40;191471;Kupfer;15208,6;38021,5
297361;291122;118;618090;Kunststoff;15833,4;39583,5
84684;50587;30;329399;Stahl;6822,4;17056,0
12197;489103;150;325864;Kupfer;7712,0;19280,0
396060;101688;50;801670;Aluminium;9224,8;23062,0
267566;101720;67;322352;Elektronik;6670,9;16677,25
352674;76111;133;400778;Aluminium;16936,6;42341,5
314792;696209;150;349106;Aluminium;9887,7;24719,25
348266;344534;31;149262;Kupfer;15324,35;38310,88
33993;748193;133;188499;Kunststoff;1949,55;4873,87
324747;471125;16;694922;Elektronik;7078,9;17697,25
10477;517791;55;951853;Kunststoff;11486,8;28717,0
21631;611379;77;750831;Stahl;28037,5;70093,75
90577;83885;58;919137;Aluminium;14863,7;37159,25
391310;724735;118;385399;Aluminium;13708,2;34270,5
362160;175839;114;120591;Kupfer;18125,0;45312,5
130371;154385;97;180471;Kunststoff;4472,6;11181,5
35470;554147;44;828316;Kunststoff;8689,4;21723,5
277754;542331;28;197338;Elektronik;20997,5;52493,75
101894;316552;88;611465;Kunststoff;1589,2;3973,0
139190;17190;89;211193;Elektronik;2757,25;6893,12
211660;115618;1;341470;Kunststoff;21634,1;54085,25
54432;416563;42;890776;Elektronik;14802,65;37006,62
222022;481028;40;155626;Elektronik;17561,25;43903,12
167319;718619;72;331415;Stahl;22590,55;56476,38
54340;335938;89;598581;Elektronik;6511,3;16278,25
92037;669103;77;637291;Aluminium;4573,3;11433,25
161941;757823;87;584220;Kupfer;2324,35;5810,88
101957;638871;15;427939;Kunststoff;11201,2;28003,0
314520;209395;121;959407;Stahl;13156,0;32890,0
130518;158387;96;835703;Kupfer;20143,3;50358,25
139929;382096;66;163053;Kunststoff;4817,6;12044,0
41598;752522;69;376201;Aluminium;8187,4;20468,5
212243;542669;111;734358;Kupfer;6232,5;15581,25
153839;121853;62;887038;Kunststoff;22055,0;55137,5
252278;512485;115;270982;Aluminium;8846,2;22115,5
164747;207823;14;112336;Elektronik;11405,0;28512,5
110970;587314;43;640217;Stahl;16004,35;40010,88
139502;114234;43;996331;Elektronik;7018,6;17546,5
95186;166885;71;876366;Aluminium;11600,0;29000,0
190197;477619;118;992453;Kupfer;6321,55;15803,87
67768;540880;25;116849;Kupfer;15161,8;37904,5
183294;592950;53;296636;Kunststoff;5933,7;14834,25
369079;569049;81;133313;Stahl;7809,7;19524,25
53721;168301;138;317414;Kupfer;21400,0;53500,0
218654;337369;48;635688;Aluminium;25042,5;62606,25
314284;351369;138;515750;Elektronik;10554,55;26386,38
255826;491229;95;648470;Aluminium;13087,7;32719,25
363823;213212;2;311534;Stahl;4710,2;11775,5
254084;44355;82;783801;Aluminium;3864,0;9660,0
66732;548318;45;393351;Aluminium;7775,65;19439,12
376646;171435;150;414609;Aluminium;9105,7;22764,25
360741;732609;43;553916;Elektronik;1784,8;4462,0
27928;415112;104;460492;Aluminium;8787,15;21967,88
259941;421027;92;941753;Kupfer;9904,95;24762,37
128748;234797;21;706049;Kunststoff;8947,4;22368,5
376605;419296;1;708231;Elektronik;9401,2;23503,0
120963;155146;89;487244;Kunststoff;1791,7;4479,25
199546;36064;149;154745;Aluminium;11070,4;27676,0
329374;106922;139;809668;Stahl;8577,5;21443,75
328365;249245;20;162745;Kupfer;23845,8;59614,5
292553;407760;26;425181;Kupfer;7343,1;18357,75
19832;459972;27;846253;Kunststoff;1363,0;3407,5
51615;786749;50;258326;Elektronik;1106,0;2765,0
379117;542069;23;199465;Elektronik;3558,1;8895,25
177789;629914;138;750698;Elektronik;12572,5;31431,25
120225;380724;71;837636;Elektronik;7308,0;18270,0
79283;747546;63;400831;Elektronik;7379,6;18449,0
124543;212311;112;256305;Elektronik;2617,6;6544,0
279235;524734;22;275236;Elektronik;6101,9;15254,75
44384;663251;57;407532;Elektronik;30211,6;75529,0
333070;480564;135;904094;Elektronik;10423,4;26058,5
67706;611238;16;220210;Aluminium;3577,65;8944,12
133751;525303;64;119383;Kunststoff;3236,95;8092,38
166294;262566;7;824379;Aluminium;13452,4;33631,0
197777;291696;139;175300;Stahl;5257,7;13144,25
78679;366609;67;146134;Kunststoff;11093,25;27733,12
18008;439301;22;397391;Aluminium;5516,55;13791,37
257456;731411;138;302190;Stahl;3656,4;9141,0
311532;76501;63;543503;Aluminium;10047,2;25118,0
221635;251356;104;421059;Elektronik;9312,7;23281,75
395509;630505;112;992803;Stahl;1760,95;4402,38
178015;590431;120;798096;Aluminium;7782,05;19455,12
396384;354897;80;836475;Aluminium;3886,0;9715,0
109613;627733;135;944848;Elektronik;3757,5;9393,75
391682;324113;124;755142;Kupfer;4667,85;11669,62
33307;372733;50;418629;Stahl;8824,4;22061,0
398188;234352;146;441229;Kunststoff;4793,2;11983,0
358867;432521;36;420725;Stahl;14648,0;36620,0
303975;720486;126;744957;Elektronik;19505,5;48763,75
301413;602366;19;722473;Kunststoff;16786,5;41966,25
253669;663233;52;940234;Kunststoff;13833,4;34583,5
217479;529963;124;198146;Kupfer;9119,05;22797,62
59131;583022;132;538423;Elektronik;1603,8;4009,5
265678;264667;123;217186;Elektronik;3667,45;9168,62
31718;419088;147;824331;Elektronik;3675,4;9188,5
270403;680904;105;162149;Kunststoff;2622,0;6555,0
151545;509259;61;530230;Kunststoff;17911,3;44778,25
225346;571057;131;233605;Stahl;2564,5;6411,25
98066;111419;79;216771;Aluminium;6864,35;17160,88
36394;281835;131;307687;Stahl;29262,2;73155,5
152351;740300;12;599131;Elektronik;15838,35;39595,88
236150;263437;46;512304;Kunststoff;11832,25;29580,62
59927;408265;130;476882;Elektronik;18854,35;47135,88
326807;513774;111;492092;Elektronik;3131,7;7829,25
41907;267547;111;659959;Stahl;2034,5;5086,25
263095;48078;71;647155;Elektronik;1140,1;2850,25
39940;602810;34;797691;Kupfer;4327,75;10819,38
165837;756268;95;483969;Kunststoff;4397,85;10994,62
26802;225353;69;809609;Kupfer;18773,9;46934,75
132809;442636;53;140623;Aluminium;17314,8;43287,0
319161;607539;87;296660;Elektronik;21815,2;54538,0
63002;606354;83;184872;Aluminium;15306,2;38265,5
190674;713670;102;184639;Stahl;2765,15;6912,88
329755;468391;99;413406;Kupfer;10678,5;26696,25
74255;72235;28;408160;Kunststoff;2024,0;5060,0
936;466160;29;808690;Elektronik;25927,55;64818,88
213912;156212;5;128256;Aluminium;2402,5;6006,25
171954;424627;101;472039;Kupfer;2792,1;6980,25
228277;603331;143;715961;Kunststoff;16980,3;42450,75
333953;318017;68;867360;Elektronik;5734,0;14335,0
238246;471459;112;747972;Stahl;10412,6;26031,5
367374;261977;101;376362;Elektronik;15867,5;39668,75
212379;317379;48;286114;Kunststoff;10006,3;25015,75
317284;386793;144;991927;Kupfer;17147,5;42868,75
369062;637586;128;383467;Aluminium;16628,8;41572,0
164302;488116;28;202222;Kupfer;21685,0;54212,5
289567;87129;2;413648;Elektronik;24518,0;61295,0
187746;779809;8;342144;Stahl;13001,6;32504,0
159671;675421;27;138672;Kupfer;2606,8;6517,0
381913;784894;113;777576;Aluminium;12152,0;30380,0
395276;500162;10;238058;Kunststoff;20014,95;50037,38
134789;72931;75;232810;Elektronik;12110,6;30276,5
64588;494018;112;641022;Elektronik;3714,5;9286,25
76395;203009;30;443497;Kunststoff;14091,0;35227,5
58025;178323;33;737731;Kunststoff;3708,45;9271,12
97992;282251;141;378639;Kupfer;9751,85;24379,62
366318;441816;34;210117;Aluminium;12898,6;32246,5
258000;601701;121;450785;Aluminium;11391,6;28479,0
218648;709505;129;233759;Aluminium;9187,2;22968,0
183608;478472;17;701385;Kupfer;14780,0;36950,0
184105;413272;13;796811;Kupfer;2867,8;7169,5
211633;90175;4;988885;Kupfer;11840,8;29602,0
269399;767798;29;881717;Kupfer;23140,0;57850,0
254350;70197;110;822737;Kunststoff;807,65;2019,12
254011;792275;136;558432;Elektronik;6166,4;15416,0
203343;367214;24;841045;Aluminium;5432,5;13581,25
385052;421328;78;437186;Stahl;13392,5;33481,25
60286;149993;6;928452;Kupfer;13013,0;32532,5
369632;68797;68;836106;Stahl;8975,2;22438,0
218872;724529;27;959067;Stahl;9072,0;22680,0
171653;782850;114;348019;Kunststoff;2211,6;5529,0
174735;63481;141;727516;Kupfer;5170,0;12925,0
55650;611334;23;675429;Stahl;4257,6;10644,0
335118;568164;77;660393;Stahl;11504,5;28761,25
73632;183636;115;450794;Elektronik;6090,0;15225,0
96327;622080;117;565635;Kunststoff;24967,8;62419,5
82401;566490;79;445549;Aluminium;2620,1;6550,25
351803;647447;137;969751;Elektronik;1370,05;3425,12
67177;762158;84;863326;Kupfer;19306,9;48267,25
36431;144722;77;624636;Kunststoff;5195,85;12989,62
748;391187;75;313945;Elektronik;2134,6;5336,5
373544;692050;140;828322;Aluminium;6525,1;16312,75
379090;710173;128;539089;Kupfer;7915,7;19789,25
208282;774517;41;122128;Stahl;8874,8;22187,0
276976;601411;90;707498;Kunststoff;11709,3;29273,25
67704;130867;102;156764;Kunststoff;19248,85;48122,13
143779;576841;101;852227;Stahl;19682,1;49205,25
77685;39850;66;908876;Kupfer;17354,6;43386,5
92109;203727;41;623369;Elektronik;11884,4;29711,0
166419;777783;111;888207;Kunststoff;12061,0;30152,5
205944;217872;116;604319;Stahl;2534,4;6336,0
179102;240409;75;430287;Aluminium;2958,0;7395,0
225280;541177;12;336252;Stahl;9637,25;24093,12
144595;647030;90;863094;Stahl;9135,0;22837,5
368098;100774;20;154982;Aluminium;26287,5;65718,75
263085;270886;70;344476;Aluminium;8190,0;20475,0
228541;121031;28;319455;Kunststoff;26021,55;65053,88
15385;400121;2;286168;Kunststoff;4010,05;10025,12
184061;511014;136;667115;Aluminium;1915,45;4788,62
63439;103806;41;493431;Elektronik;15841,35;39603,38
91570;667048;114;509287;Stahl;6958,0;17395,0
229404;774281;115;483289;Aluminium;13722,5;34306,25
84881;28175;129;350583;Kupfer;21575,4;53938,5
286155;571181;8;151222;Stahl;2460,5;6151,25
285885;101817;99;875426;Aluminium;8198,75;20496,88
328232;255376;38;210823;Stahl;16436,0;41090,0
256618;221447;95;699574;Stahl;5385,6;13464,0
378222;549951;4;113765;Stahl;4304,0;10760,0
290441;169389;59;219377;Elektronik;2534,4;6336,0
86927;118318;97;157808;Kunststoff;470,35;1175,88
56426;542728;96;513936;Aluminium;10672,3;26680,75
327899;467932;18;831729;Stahl;11172,0;27930,0
367937;327218;2;327653;Kunststoff;10153,5;25383,75
305474;602872;150;687258;Stahl;3605,0;9012,5
108150;65328;11;265297;Elektronik;7191,6;17979,0
163951;621835;129;102132;Aluminium;9518,4;23796,0
296205;300149;64;721907;Elektronik;13494,25;33735,62
37158;306716;18;924151;Kunststoff;8029,85;20074,62
307485;281507;7;491334;Elektronik;8700,9;21752,25
101685;445867;38;482924;Elektronik;3685,9;9214,75
70684;236353;31;158242;Kunststoff;14331,55;35828,88
272422;149769;58;490550;Elektronik;15112,85;37782,12
155202;427119;102;700638;Kupfer;17463,95;43659,87
171161;691502;46;119089;Kupfer;9416,4;23541,0
207290;10964;52;516707;Stahl;7207,5;18018,75
53214;338202;105;954803;Kunststoff;18597,5;46493,75
298438;283426;96;113786;Stahl;6366,95;15917,38
71094;39387;75;898424;Kunststoff;15839,0;39597,5
377610;114403;12;138626;Stahl;6614,4;16536,0
193261;558445;4;211532;Stahl;12313,6;30784,0
379899;274510;31;428797;Stahl;17470,0;43675,0
150662;141540;22;756027;Stahl;8954,0;22385,0
371752;784389;53;685142;Elektronik;21529,2;53823,0
