Produkt_ID;Produktname;Produktgruppe;Komplexitaet;Verkaufspreis;Standardkosten;Materialfaktor;Energiefaktor;Gewicht_kg;Gewinnmarge;Produktionsdauerfaktor;Ausschussfaktor
1;Produkt_1;Elektronik;6;192,13;120,63;1,9;1,6;5,35;0,39;1,72;1,48
2;Produkt_2;Sicherheitsbauteile;1;82,34;57,85;1,15;1,1;14,35;0,44;1,12;1,08
3;Produkt_3;Kunststoffteile;9;256,67;187,12;2,35;1,9;11,87;0,25;2,08;1,72
4;Produkt_4;Elektronik;1;85,69;52,97;1,15;1,1;24,31;0,16;1,12;1,08
5;Produkt_5;Motorenteile;5;171,4;111,99;1,75;1,5;15,41;0,41;1,6;1,4
6;Produkt_6;Motorenteile;4;144,38;83,81;1,6;1,4;9,06;0,44;1,48;1,32
7;Produkt_7;Motorenteile;3;135,66;80,76;1,45;1,3;3,3;0,41;1,36;1,24
8;Produkt_8;Metallkomponenten;6;206,66;148,86;1,9;1,6;4,21;0,2;1,72;1,48
9;Produkt_9;Kunststoffteile;2;94,59;56,31;1,3;1,2;6,02;0,41;1,24;1,16
10;Produkt_10;Kunststoffteile;3;142,39;97,01;1,45;1,3;6,65;0,42;1,36;1,24
11;Produkt_11;Motorenteile;5;158,78;115,48;1,75;1,5;21,34;0,38;1,6;1,4
12;Produkt_12;Sicherheitsbauteile;9;284,24;163,93;2,35;1,9;14,25;0,42;2,08;1,72
13;Produkt_13;Metallkomponenten;2;108,9;75,34;1,3;1,2;13,32;0,45;1,24;1,16
14;Produkt_14;Getriebeteile;10;295,36;181,39;2,5;2,0;3,31;0,36;2,2;1,8
15;Produkt_15;Motorenteile;8;254,89;201,55;2,2;1,8;21,57;0,18;1,96;1,64
16;Produkt_16;Motorenteile;2;81,23;54,5;1,3;1,2;18,21;0,32;1,24;1,16
17;Produkt_17;Getriebeteile;5;188,86;141,93;1,75;1,5;2,16;0,18;1,6;1,4
18;Produkt_18;Elektronik;7;222,23;152,79;2,05;1,7;17,84;0,29;1,84;1,56
19;Produkt_19;Elektronik;8;242,16;135,82;2,2;1,8;13,82;0,29;1,96;1,64
20;Produkt_20;Getriebeteile;1;90,74;64,27;1,15;1,1;2,5;0,17;1,12;1,08
21;Produkt_21;Kunststoffteile;6;189,43;149,25;1,9;1,6;11,73;0,27;1,72;1,48
22;Produkt_22;Motorenteile;1;53,87;37,73;1,15;1,1;12,38;0,19;1,12;1,08
23;Produkt_23;Getriebeteile;2;76,65;57,86;1,3;1,2;4,56;0,43;1,24;1,16
24;Produkt_24;Elektronik;1;84,09;64,84;1,15;1,1;23,67;0,48;1,12;1,08
25;Produkt_25;Elektronik;5;155,79;94,57;1,75;1,5;21,32;0,18;1,6;1,4
26;Produkt_26;Metallkomponenten;10;326,32;196,78;2,5;2,0;16,89;0,48;2,2;1,8
27;Produkt_27;Motorenteile;9;243,77;171,31;2,35;1,9;11,83;0,33;2,08;1,72
28;Produkt_28;Elektronik;6;225,45;147,16;1,9;1,6;10,59;0,25;1,72;1,48
29;Produkt_29;Elektronik;1;78,17;59,4;1,15;1,1;16,45;0,18;1,12;1,08
30;Produkt_30;Motorenteile;1;73,55;57,0;1,15;1,1;13,86;0,33;1,12;1,08
31;Produkt_31;Kunststoffteile;2;91,83;58,62;1,3;1,2;2,03;0,43;1,24;1,16
32;Produkt_32;Motorenteile;9;280,99;171,18;2,35;1,9;13,06;0,4;2,08;1,72
33;Produkt_33;Motorenteile;3;124,44;92,72;1,45;1,3;20,26;0,17;1,36;1,24
34;Produkt_34;Sicherheitsbauteile;1;91,55;56,64;1,15;1,1;11,75;0,18;1,12;1,08
35;Produkt_35;Sicherheitsbauteile;5;176,71;133,53;1,75;1,5;1,77;0,29;1,6;1,4
36;Produkt_36;Metallkomponenten;7;227,25;149,06;2,05;1,7;19,76;0,25;1,84;1,56
37;Produkt_37;Getriebeteile;6;194,55;139,47;1,9;1,6;5,43;0,23;1,72;1,48
38;Produkt_38;Motorenteile;1;74,15;42,55;1,15;1,1;6,84;0,25;1,12;1,08
39;Produkt_39;Kunststoffteile;5;179,62;126,8;1,75;1,5;4,54;0,43;1,6;1,4
40;Produkt_40;Elektronik;5;149,35;99,01;1,75;1,5;8,59;0,48;1,6;1,4
41;Produkt_41;Motorenteile;6;179,78;125,24;1,9;1,6;19,04;0,29;1,72;1,48
42;Produkt_42;Elektronik;3;136,15;80,6;1,45;1,3;13,22;0,47;1,36;1,24
43;Produkt_43;Motorenteile;5;177,56;130,37;1,75;1,5;5,52;0,26;1,6;1,4
44;Produkt_44;Sicherheitsbauteile;7;222,24;170,17;2,05;1,7;22,01;0,32;1,84;1,56
45;Produkt_45;Getriebeteile;5;175,28;105,9;1,75;1,5;22,05;0,23;1,6;1,4
46;Produkt_46;Kunststoffteile;5;180,21;103,43;1,75;1,5;21,83;0,37;1,6;1,4
47;Produkt_47;Getriebeteile;5;166,9;92,78;1,75;1,5;6,35;0,49;1,6;1,4
48;Produkt_48;Elektronik;10;288,33;204,85;2,5;2,0;11,56;0,36;2,2;1,8
49;Produkt_49;Elektronik;10;302,94;212,59;2,5;2,0;24,63;0,28;2,2;1,8
50;Produkt_50;Motorenteile;3;110,32;75,76;1,45;1,3;19,41;0,38;1,36;1,24
51;Produkt_51;Sicherheitsbauteile;1;81,12;49,32;1,15;1,1;1,17;0,19;1,12;1,08
52;Produkt_52;Metallkomponenten;5;149,46;96,81;1,75;1,5;2,1;0,46;1,6;1,4
53;Produkt_53;Sicherheitsbauteile;9;290,44;202,91;2,35;1,9;11,87;0,33;2,08;1,72
54;Produkt_54;Metallkomponenten;1;82,09;55,34;1,15;1,1;22,78;0,31;1,12;1,08
55;Produkt_55;Elektronik;3;128,84;102,68;1,45;1,3;13,7;0,36;1,36;1,24
56;Produkt_56;Sicherheitsbauteile;4;164,74;96,23;1,6;1,4;12,7;0,37;1,48;1,32
57;Produkt_57;Motorenteile;1;99,98;72,37;1,15;1,1;3,08;0,18;1,12;1,08
58;Produkt_58;Motorenteile;1;90,22;58,74;1,15;1,1;16,59;0,39;1,12;1,08
59;Produkt_59;Motorenteile;8;222,39;146,12;2,2;1,8;20,64;0,23;1,96;1,64
60;Produkt_60;Getriebeteile;2;80,81;58,94;1,3;1,2;9,82;0,4;1,24;1,16
61;Produkt_61;Elektronik;8;240,63;174,0;2,2;1,8;19,5;0,44;1,96;1,64
62;Produkt_62;Getriebeteile;7;225,39;179,82;2,05;1,7;24,13;0,43;1,84;1,56
63;Produkt_63;Metallkomponenten;10;307,76;179,15;2,5;2,0;5,49;0,34;2,2;1,8
64;Produkt_64;Getriebeteile;10;289,11;166,54;2,5;2,0;13,32;0,33;2,2;1,8
65;Produkt_65;Getriebeteile;2;102,8;75,16;1,3;1,2;7,53;0,2;1,24;1,16
66;Produkt_66;Elektronik;6;188,67;131,05;1,9;1,6;19,92;0,42;1,72;1,48
67;Produkt_67;Motorenteile;6;190,83;118,03;1,9;1,6;14,65;0,24;1,72;1,48
68;Produkt_68;Metallkomponenten;3;103,9;59,21;1,45;1,3;16,05;0,32;1,36;1,24
69;Produkt_69;Motorenteile;2;86,15;49,23;1,3;1,2;20,05;0,25;1,24;1,16
70;Produkt_70;Sicherheitsbauteile;1;54,72;42,33;1,15;1,1;10,2;0,2;1,12;1,08
71;Produkt_71;Metallkomponenten;6;185,36;110,84;1,9;1,6;22,92;0,37;1,72;1,48
72;Produkt_72;Motorenteile;5;190,8;120,37;1,75;1,5;13,56;0,17;1,6;1,4
73;Produkt_73;Motorenteile;9;260,76;158,19;2,35;1,9;4,37;0,41;2,08;1,72
74;Produkt_74;Metallkomponenten;1;114,49;73,13;1,15;1,1;17,55;0,26;1,12;1,08
75;Produkt_75;Kunststoffteile;7;232,4;131,85;2,05;1,7;19,93;0,15;1,84;1,56
76;Produkt_76;Kunststoffteile;5;177,77;120,84;1,75;1,5;8,26;0,33;1,6;1,4
77;Produkt_77;Metallkomponenten;5;162,12;91,91;1,75;1,5;21,5;0,17;1,6;1,4
78;Produkt_78;Motorenteile;2;110,5;82,89;1,3;1,2;22,7;0,25;1,24;1,16
79;Produkt_79;Getriebeteile;3;116,37;70,8;1,45;1,3;7,28;0,4;1,36;1,24
80;Produkt_80;Motorenteile;7;226,83;155,38;2,05;1,7;24,6;0,17;1,84;1,56
81;Produkt_81;Metallkomponenten;6;238,4;183,57;1,9;1,6;3,95;0,44;1,72;1,48
82;Produkt_82;Kunststoffteile;2;98,56;70,24;1,3;1,2;5,45;0,15;1,24;1,16
83;Produkt_83;Getriebeteile;6;217,24;148,43;1,9;1,6;5,01;0,24;1,72;1,48
84;Produkt_84;Motorenteile;2;89,45;56,45;1,3;1,2;22,4;0,41;1,24;1,16
85;Produkt_85;Getriebeteile;2;99,48;62,99;1,3;1,2;16,53;0,26;1,24;1,16
86;Produkt_86;Getriebeteile;2;126,56;90,79;1,3;1,2;4,23;0,19;1,24;1,16
87;Produkt_87;Kunststoffteile;3;115,6;92,31;1,45;1,3;11,29;0,28;1,36;1,24
88;Produkt_88;Kunststoffteile;2;127,19;91,0;1,3;1,2;15,57;0,24;1,24;1,16
89;Produkt_89;Metallkomponenten;4;160,62;110,74;1,6;1,4;2,54;0,44;1,48;1,32
90;Produkt_90;Elektronik;9;266,56;195,3;2,35;1,9;22,12;0,26;2,08;1,72
91;Produkt_91;Motorenteile;6;209,49;139,58;1,9;1,6;20,19;0,43;1,72;1,48
92;Produkt_92;Kunststoffteile;1;89,59;50,62;1,15;1,1;12,88;0,46;1,12;1,08
93;Produkt_93;Metallkomponenten;8;259,33;179,08;2,2;1,8;24,19;0,3;1,96;1,64
94;Produkt_94;Elektronik;7;201,45;159,02;2,05;1,7;10,74;0,47;1,84;1,56
95;Produkt_95;Metallkomponenten;10;289,09;171,67;2,5;2,0;24,61;0,28;2,2;1,8
96;Produkt_96;Elektronik;3;121,29;87,63;1,45;1,3;16,86;0,49;1,36;1,24
97;Produkt_97;Elektronik;1;73,88;44,35;1,15;1,1;16,05;0,18;1,12;1,08
98;Produkt_98;Elektronik;5;184,31;126,06;1,75;1,5;4,57;0,39;1,6;1,4
99;Produkt_99;Motorenteile;4;152,67;87,66;1,6;1,4;22,11;0,32;1,48;1,32
100;Produkt_100;Motorenteile;10;279,97;185,51;2,5;2,0;10,97;0,29;2,2;1,8
101;Produkt_101;Motorenteile;8;255,7;188,97;2,2;1,8;4,47;0,37;1,96;1,64
102;Produkt_102;Kunststoffteile;1;84,16;53,6;1,15;1,1;0,81;0,4;1,12;1,08
103;Produkt_103;Getriebeteile;10;308,4;220,88;2,5;2,0;14,21;0,15;2,2;1,8
104;Produkt_104;Elektronik;1;91,21;68,31;1,15;1,1;13,42;0,21;1,12;1,08
105;Produkt_105;Sicherheitsbauteile;4;162,51;127,05;1,6;1,4;18,12;0,4;1,48;1,32
106;Produkt_106;Getriebeteile;8;256,89;156,36;2,2;1,8;22,31;0,38;1,96;1,64
107;Produkt_107;Elektronik;5;173,95;113,04;1,75;1,5;2,45;0,49;1,6;1,4
108;Produkt_108;Metallkomponenten;2;75,09;44,16;1,3;1,2;18,42;0,42;1,24;1,16
109;Produkt_109;Getriebeteile;6;206,44;164,77;1,9;1,6;5,09;0,48;1,72;1,48
110;Produkt_110;Motorenteile;5;178,12;139,24;1,75;1,5;21,53;0,4;1,6;1,4
111;Produkt_111;Getriebeteile;2;104,07;71,29;1,3;1,2;20,57;0,25;1,24;1,16
112;Produkt_112;Motorenteile;3;105,85;80,5;1,45;1,3;13,75;0,19;1,36;1,24
113;Produkt_113;Sicherheitsbauteile;9;258,78;176,04;2,35;1,9;17,9;0,42;2,08;1,72
114;Produkt_114;Metallkomponenten;7;240,8;169,98;2,05;1,7;8,2;0,38;1,84;1,56
115;Produkt_115;Kunststoffteile;7;224,41;128,42;2,05;1,7;12,04;0,17;1,84;1,56
116;Produkt_116;Metallkomponenten;6;210,22;155,32;1,9;1,6;20,63;0,28;1,72;1,48
117;Produkt_117;Metallkomponenten;8;250,42;145,73;2,2;1,8;11,75;0,48;1,96;1,64
118;Produkt_118;Motorenteile;4;150,45;113,82;1,6;1,4;9,27;0,33;1,48;1,32
119;Produkt_119;Metallkomponenten;8;264,07;196,87;2,2;1,8;12,61;0,3;1,96;1,64
120;Produkt_120;Elektronik;4;142,26;103,45;1,6;1,4;20,79;0,31;1,48;1,32
121;Produkt_121;Metallkomponenten;8;251,44;140,57;2,2;1,8;8,71;0,22;1,96;1,64
122;Produkt_122;Metallkomponenten;9;268,07;167,75;2,35;1,9;4,76;0,28;2,08;1,72
123;Produkt_123;Getriebeteile;3;118,48;72,96;1,45;1,3;17,94;0,28;1,36;1,24
124;Produkt_124;Motorenteile;3;120,36;77,04;1,45;1,3;20,74;0,17;1,36;1,24
125;Produkt_125;Getriebeteile;2;103,33;59,1;1,3;1,2;2,97;0,42;1,24;1,16
126;Produkt_126;Elektronik;10;292,82;229,64;2,5;2,0;6,38;0,3;2,2;1,8
127;Produkt_127;Metallkomponenten;3;143,84;99,02;1,45;1,3;3,98;0,44;1,36;1,24
128;Produkt_128;Metallkomponenten;3;111,58;69,89;1,45;1,3;9,02;0,45;1,36;1,24
129;Produkt_129;Motorenteile;5;172,2;111,8;1,75;1,5;11,53;0,22;1,6;1,4
130;Produkt_130;Elektronik;5;168,4;111,45;1,75;1,5;18,85;0,38;1,6;1,4
131;Produkt_131;Elektronik;2;121,7;85,21;1,3;1,2;16,45;0,32;1,24;1,16
132;Produkt_132;Getriebeteile;10;302,95;205,68;2,5;2,0;15,71;0,46;2,2;1,8
133;Produkt_133;Motorenteile;6;215,48;168,04;1,9;1,6;9,13;0,23;1,72;1,48
134;Produkt_134;Getriebeteile;5;152,72;102,97;1,75;1,5;21,12;0,39;1,6;1,4
135;Produkt_135;Sicherheitsbauteile;6;204,01;162,8;1,9;1,6;12,05;0,36;1,72;1,48
136;Produkt_136;Getriebeteile;1;88,34;67,39;1,15;1,1;24,49;0,25;1,12;1,08
137;Produkt_137;Elektronik;5;176,23;106,12;1,75;1,5;16,04;0,2;1,6;1,4
138;Produkt_138;Kunststoffteile;9;290,98;227,74;2,35;1,9;3,59;0,38;2,08;1,72
139;Produkt_139;Elektronik;10;292,24;169,23;2,5;2,0;17,07;0,41;2,2;1,8
140;Produkt_140;Sicherheitsbauteile;2;121,14;91,38;1,3;1,2;8,47;0,26;1,24;1,16
141;Produkt_141;Sicherheitsbauteile;1;109,48;70,63;1,15;1,1;17,32;0,38;1,12;1,08
142;Produkt_142;Getriebeteile;10;294,56;226,66;2,5;2,0;2,21;0,29;2,2;1,8
143;Produkt_143;Elektronik;9;268,32;205,8;2,35;1,9;4,78;0,4;2,08;1,72
144;Produkt_144;Getriebeteile;10;321,8;241,83;2,5;2,0;21,47;0,22;2,2;1,8
145;Produkt_145;Getriebeteile;9;298,69;223,28;2,35;1,9;6,07;0,46;2,08;1,72
146;Produkt_146;Motorenteile;9;267,16;167,29;2,35;1,9;21,01;0,25;2,08;1,72
147;Produkt_147;Kunststoffteile;6;193,7;110,45;1,9;1,6;7,34;0,28;1,72;1,48
148;Produkt_148;Elektronik;8;245,77;159,94;2,2;1,8;16,25;0,17;1,96;1,64
149;Produkt_149;Motorenteile;1;54,83;32,54;1,15;1,1;17,51;0,19;1,12;1,08
150;Produkt_150;Getriebeteile;10;286,22;207,15;2,5;2,0;13,06;0,33;2,2;1,8
151;Produkt_151;Sicherheitsbauteile;4;134,94;85,89;1,6;1,4;7,98;0,24;1,48;1,32
152;Produkt_152;Getriebeteile;1;63,48;50,4;1,15;1,1;5,71;0,44;1,12;1,08
153;Produkt_153;Motorenteile;8;249,48;177,19;2,2;1,8;1,31;0,16;1,96;1,64
154;Produkt_154;Elektronik;1;78,51;59,33;1,15;1,1;7,95;0,28;1,12;1,08
155;Produkt_155;Sicherheitsbauteile;3;148,26;86,45;1,45;1,3;16,5;0,27;1,36;1,24
156;Produkt_156;Getriebeteile;4;135,02;103,36;1,6;1,4;23,49;0,16;1,48;1,32
157;Produkt_157;Kunststoffteile;8;264,76;206,7;2,2;1,8;21,84;0,19;1,96;1,64
158;Produkt_158;Metallkomponenten;6;196,79;132,2;1,9;1,6;19,27;0,29;1,72;1,48
159;Produkt_159;Getriebeteile;10;299,26;209,95;2,5;2,0;19,82;0,32;2,2;1,8
160;Produkt_160;Kunststoffteile;7;235,12;174,27;2,05;1,7;16,79;0,29;1,84;1,56
161;Produkt_161;Elektronik;8;233,16;138,43;2,2;1,8;6,88;0,34;1,96;1,64
162;Produkt_162;Kunststoffteile;2;105,74;71,44;1,3;1,2;22,73;0,36;1,24;1,16
163;Produkt_163;Kunststoffteile;10;302,5;196,52;2,5;2,0;16,93;0,15;2,2;1,8
164;Produkt_164;Elektronik;8;257,39;150,98;2,2;1,8;14,23;0,31;1,96;1,64
165;Produkt_165;Motorenteile;3;129,34;83,02;1,45;1,3;3,22;0,49;1,36;1,24
166;Produkt_166;Metallkomponenten;7;261,83;148,47;2,05;1,7;11,45;0,33;1,84;1,56
167;Produkt_167;Getriebeteile;3;115,43;64,23;1,45;1,3;11,78;0,39;1,36;1,24
168;Produkt_168;Motorenteile;7;217,04;126,7;2,05;1,7;21,68;0,26;1,84;1,56
169;Produkt_169;Motorenteile;2;90,65;71,69;1,3;1,2;13,89;0,42;1,24;1,16
170;Produkt_170;Elektronik;10;291,67;200,49;2,5;2,0;9,82;0,42;2,2;1,8
171;Produkt_171;Kunststoffteile;6;190,44;150,72;1,9;1,6;24,43;0,33;1,72;1,48
172;Produkt_172;Motorenteile;3;142,84;94,0;1,45;1,3;3,21;0,49;1,36;1,24
173;Produkt_173;Elektronik;3;146,31;91,87;1,45;1,3;10,85;0,19;1,36;1,24
174;Produkt_174;Getriebeteile;9;266,44;180,26;2,35;1,9;1,53;0,16;2,08;1,72
175;Produkt_175;Kunststoffteile;7;212,51;140,23;2,05;1,7;18,63;0,42;1,84;1,56
176;Produkt_176;Motorenteile;5;182,07;104,95;1,75;1,5;22,99;0,43;1,6;1,4
177;Produkt_177;Kunststoffteile;10;291,72;207,18;2,5;2,0;7,36;0,19;2,2;1,8
178;Produkt_178;Elektronik;7;234,49;141,64;2,05;1,7;21,53;0,24;1,84;1,56
179;Produkt_179;Sicherheitsbauteile;9;278,04;195,99;2,35;1,9;7,66;0,16;2,08;1,72
180;Produkt_180;Motorenteile;1;52,26;37,24;1,15;1,1;22,81;0,25;1,12;1,08
181;Produkt_181;Getriebeteile;7;248,21;145,95;2,05;1,7;18,97;0,42;1,84;1,56
182;Produkt_182;Motorenteile;6;226,94;128,3;1,9;1,6;20,22;0,33;1,72;1,48
183;Produkt_183;Sicherheitsbauteile;10;290,81;216,71;2,5;2,0;0,94;0,27;2,2;1,8
184;Produkt_184;Metallkomponenten;9;269,18;178,99;2,35;1,9;24,09;0,28;2,08;1,72
185;Produkt_185;Getriebeteile;1;79,29;44,76;1,15;1,1;18,3;0,15;1,12;1,08
186;Produkt_186;Kunststoffteile;4;155,02;123,81;1,6;1,4;7,97;0,25;1,48;1,32
187;Produkt_187;Metallkomponenten;9;284,88;160,8;2,35;1,9;20,82;0,38;2,08;1,72
188;Produkt_188;Elektronik;4;180,15;130,39;1,6;1,4;7,4;0,49;1,48;1,32
189;Produkt_189;Elektronik;10;297,35;236,66;2,5;2,0;21,88;0,45;2,2;1,8
190;Produkt_190;Getriebeteile;3;113,03;68,92;1,45;1,3;3,26;0,16;1,36;1,24
191;Produkt_191;Motorenteile;9;254,31;148,91;2,35;1,9;17,74;0,46;2,08;1,72
192;Produkt_192;Metallkomponenten;2;89,04;51,67;1,3;1,2;13,75;0,42;1,24;1,16
193;Produkt_193;Sicherheitsbauteile;4;149,5;93,56;1,6;1,4;2,87;0,42;1,48;1,32
194;Produkt_194;Kunststoffteile;6;226,92;130,54;1,9;1,6;6,43;0,31;1,72;1,48
195;Produkt_195;Getriebeteile;2;92,24;66,69;1,3;1,2;0,8;0,29;1,24;1,16
196;Produkt_196;Getriebeteile;8;253,36;143,29;2,2;1,8;11,98;0,26;1,96;1,64
197;Produkt_197;Kunststoffteile;8;249,75;169,17;2,2;1,8;7,88;0,17;1,96;1,64
198;Produkt_198;Metallkomponenten;1;92,83;74,18;1,15;1,1;15,16;0,23;1,12;1,08
199;Produkt_199;Metallkomponenten;3;162,9;122,75;1,45;1,3;7,78;0,24;1,36;1,24
200;Produkt_200;Metallkomponenten;10;292,04;205,54;2,5;2,0;7,85;0,32;2,2;1,8
201;Produkt_201;Kunststoffteile;9;267,66;167,7;2,35;1,9;18,71;0,41;2,08;1,72
202;Produkt_202;Motorenteile;5;190,66;134,6;1,75;1,5;1,68;0,32;1,6;1,4
203;Produkt_203;Motorenteile;6;210,23;143,33;1,9;1,6;22,62;0,17;1,72;1,48
204;Produkt_204;Metallkomponenten;4;177,7;116,66;1,6;1,4;21,38;0,49;1,48;1,32
205;Produkt_205;Kunststoffteile;10;308,76;179,91;2,5;2,0;16,86;0,48;2,2;1,8
206;Produkt_206;Motorenteile;2;94,61;73,01;1,3;1,2;15,03;0,42;1,24;1,16
207;Produkt_207;Motorenteile;8;258,86;171,48;2,2;1,8;22,36;0,5;1,96;1,64
208;Produkt_208;Kunststoffteile;6;216,63;129,69;1,9;1,6;5,04;0,34;1,72;1,48
209;Produkt_209;Motorenteile;5;187,31;120,24;1,75;1,5;2,43;0,49;1,6;1,4
210;Produkt_210;Motorenteile;9;282,61;184,69;2,35;1,9;6,37;0,18;2,08;1,72
211;Produkt_211;Elektronik;1;91,0;68,88;1,15;1,1;19,97;0,28;1,12;1,08
212;Produkt_212;Kunststoffteile;5;192,54;141,21;1,75;1,5;1,35;0,23;1,6;1,4
213;Produkt_213;Kunststoffteile;6;220,73;163,86;1,9;1,6;14,78;0,22;1,72;1,48
214;Produkt_214;Getriebeteile;5;184,73;102,11;1,75;1,5;24,89;0,2;1,6;1,4
215;Produkt_215;Kunststoffteile;6;197,49;129,17;1,9;1,6;21,46;0,37;1,72;1,48
216;Produkt_216;Getriebeteile;6;202,2;135,54;1,9;1,6;13,28;0,42;1,72;1,48
217;Produkt_217;Getriebeteile;7;243,1;134,87;2,05;1,7;2,06;0,35;1,84;1,56
218;Produkt_218;Metallkomponenten;4;137,75;84,71;1,6;1,4;20,87;0,2;1,48;1,32
219;Produkt_219;Kunststoffteile;8;255,53;189,11;2,2;1,8;15,17;0,43;1,96;1,64
220;Produkt_220;Metallkomponenten;7;219,1;128,02;2,05;1,7;3,32;0,37;1,84;1,56
221;Produkt_221;Kunststoffteile;9;275,43;188,35;2,35;1,9;2,8;0,29;2,08;1,72
222;Produkt_222;Elektronik;7;244,18;147,43;2,05;1,7;22,79;0,39;1,84;1,56
223;Produkt_223;Motorenteile;3;127,87;70,71;1,45;1,3;16,9;0,24;1,36;1,24
224;Produkt_224;Elektronik;3;125,7;76,71;1,45;1,3;20,82;0,27;1,36;1,24
225;Produkt_225;Getriebeteile;8;229,6;182,3;2,2;1,8;22,03;0,47;1,96;1,64
226;Produkt_226;Getriebeteile;5;186,19;139,72;1,75;1,5;14,51;0,25;1,6;1,4
227;Produkt_227;Sicherheitsbauteile;4;159,68;126,13;1,6;1,4;13,18;0,31;1,48;1,32
228;Produkt_228;Elektronik;8;282,45;189,8;2,2;1,8;11,05;0,46;1,96;1,64
229;Produkt_229;Metallkomponenten;6;195,38;112,82;1,9;1,6;8,27;0,4;1,72;1,48
230;Produkt_230;Kunststoffteile;2;103,29;70,96;1,3;1,2;11,15;0,17;1,24;1,16
231;Produkt_231;Metallkomponenten;4;153,74;102,02;1,6;1,4;19,46;0,2;1,48;1,32
232;Produkt_232;Elektronik;4;173,66;132,17;1,6;1,4;15,25;0,15;1,48;1,32
233;Produkt_233;Elektronik;6;198,57;114,08;1,9;1,6;22,37;0,37;1,72;1,48
234;Produkt_234;Elektronik;6;204,19;137,22;1,9;1,6;11,36;0,31;1,72;1,48
235;Produkt_235;Motorenteile;1;84,12;49,42;1,15;1,1;15,37;0,2;1,12;1,08
236;Produkt_236;Kunststoffteile;8;252,8;159,56;2,2;1,8;15,97;0,49;1,96;1,64
237;Produkt_237;Getriebeteile;6;193,3;141,95;1,9;1,6;15,0;0,34;1,72;1,48
238;Produkt_238;Motorenteile;3;127,91;85,57;1,45;1,3;17,71;0,23;1,36;1,24
239;Produkt_239;Kunststoffteile;9;291,1;187,46;2,35;1,9;6,32;0,33;2,08;1,72
240;Produkt_240;Motorenteile;2;84,6;54,87;1,3;1,2;13,05;0,39;1,24;1,16
241;Produkt_241;Sicherheitsbauteile;8;251,99;167,54;2,2;1,8;3,05;0,18;1,96;1,64
242;Produkt_242;Sicherheitsbauteile;10;289,5;216,04;2,5;2,0;9,92;0,25;2,2;1,8
243;Produkt_243;Sicherheitsbauteile;3;142,93;110,48;1,45;1,3;12,45;0,43;1,36;1,24
244;Produkt_244;Elektronik;5;152,15;120,02;1,75;1,5;16,48;0,31;1,6;1,4
245;Produkt_245;Motorenteile;6;191,62;143,08;1,9;1,6;23,79;0,34;1,72;1,48
246;Produkt_246;Sicherheitsbauteile;10;305,66;192,21;2,5;2,0;15,22;0,3;2,2;1,8
247;Produkt_247;Elektronik;6;223,48;161,36;1,9;1,6;18,72;0,17;1,72;1,48
248;Produkt_248;Sicherheitsbauteile;4;149,01;98,26;1,6;1,4;12,9;0,21;1,48;1,32
249;Produkt_249;Sicherheitsbauteile;3;116,67;71,6;1,45;1,3;16,04;0,31;1,36;1,24
250;Produkt_250;Metallkomponenten;4;178,22;135,48;1,6;1,4;2,24;0,22;1,48;1,32
251;Produkt_251;Getriebeteile;1;53,28;29,82;1,15;1,1;6,73;0,17;1,12;1,08
252;Produkt_252;Elektronik;4;117,02;90,74;1,6;1,4;9,37;0,45;1,48;1,32
253;Produkt_253;Metallkomponenten;1;81,6;54,29;1,15;1,1;12,08;0,49;1,12;1,08
254;Produkt_254;Getriebeteile;1;67,47;47,86;1,15;1,1;1,62;0,43;1,12;1,08
255;Produkt_255;Motorenteile;10;284,68;203,5;2,5;2,0;3,93;0,45;2,2;1,8
256;Produkt_256;Elektronik;6;210,63;162,98;1,9;1,6;7,28;0,23;1,72;1,48
257;Produkt_257;Sicherheitsbauteile;5;178,66;126,7;1,75;1,5;24,3;0,49;1,6;1,4
258;Produkt_258;Kunststoffteile;4;141,54;99,57;1,6;1,4;8,62;0,22;1,48;1,32
259;Produkt_259;Elektronik;3;105,8;59,95;1,45;1,3;12,31;0,48;1,36;1,24
260;Produkt_260;Motorenteile;1;88,09;59,86;1,15;1,1;5,3;0,5;1,12;1,08
261;Produkt_261;Kunststoffteile;6;209,75;123,24;1,9;1,6;15,46;0,4;1,72;1,48
262;Produkt_262;Sicherheitsbauteile;2;98,51;72,34;1,3;1,2;7,38;0,49;1,24;1,16
263;Produkt_263;Motorenteile;8;277,7;188,3;2,2;1,8;5,57;0,35;1,96;1,64
264;Produkt_264;Elektronik;10;283,95;204,46;2,5;2,0;13,16;0,24;2,2;1,8
265;Produkt_265;Metallkomponenten;5;152,12;85,25;1,75;1,5;0,63;0,3;1,6;1,4
266;Produkt_266;Metallkomponenten;7;214,62;122,59;2,05;1,7;0,69;0,36;1,84;1,56
267;Produkt_267;Kunststoffteile;10;299,32;218,23;2,5;2,0;5,87;0,18;2,2;1,8
268;Produkt_268;Kunststoffteile;2;103,65;58,88;1,3;1,2;1,4;0,37;1,24;1,16
269;Produkt_269;Getriebeteile;8;246,38;139,9;2,2;1,8;3,15;0,49;1,96;1,64
270;Produkt_270;Getriebeteile;2;105,28;58,22;1,3;1,2;8,8;0,22;1,24;1,16
271;Produkt_271;Metallkomponenten;4;131,23;103,55;1,6;1,4;20,16;0,43;1,48;1,32
272;Produkt_272;Metallkomponenten;1;96,66;70,98;1,15;1,1;14,52;0,47;1,12;1,08
273;Produkt_273;Metallkomponenten;5;173,77;110,92;1,75;1,5;13,06;0,48;1,6;1,4
274;Produkt_274;Sicherheitsbauteile;9;291,76;182,1;2,35;1,9;7,69;0,49;2,08;1,72
275;Produkt_275;Elektronik;1;80,14;51,08;1,15;1,1;23,33;0,33;1,12;1,08
276;Produkt_276;Elektronik;9;281,85;209,6;2,35;1,9;10,23;0,49;2,08;1,72
277;Produkt_277;Metallkomponenten;8;258,55;184,95;2,2;1,8;2,63;0,42;1,96;1,64
278;Produkt_278;Kunststoffteile;6;206,72;123,26;1,9;1,6;15,62;0,21;1,72;1,48
279;Produkt_279;Kunststoffteile;7;234,64;139,27;2,05;1,7;3,29;0,32;1,84;1,56
280;Produkt_280;Metallkomponenten;3;144,94;83,28;1,45;1,3;8,96;0,4;1,36;1,24
281;Produkt_281;Metallkomponenten;1;77,95;55,74;1,15;1,1;12,93;0,24;1,12;1,08
282;Produkt_282;Getriebeteile;5;185,64;137,57;1,75;1,5;21,92;0,37;1,6;1,4
283;Produkt_283;Elektronik;2;98,65;60,8;1,3;1,2;12,59;0,38;1,24;1,16
284;Produkt_284;Motorenteile;5;196,6;109,16;1,75;1,5;17,71;0,21;1,6;1,4
285;Produkt_285;Elektronik;8;239,85;136,85;2,2;1,8;24,82;0,35;1,96;1,64
286;Produkt_286;Motorenteile;9;302,01;239,18;2,35;1,9;3,72;0,42;2,08;1,72
287;Produkt_287;Elektronik;2;99,4;62,01;1,3;1,2;7,23;0,32;1,24;1,16
288;Produkt_288;Elektronik;3;103,54;76,86;1,45;1,3;10,17;0,15;1,36;1,24
289;Produkt_289;Getriebeteile;3;126,92;89,63;1,45;1,3;10,83;0,15;1,36;1,24
290;Produkt_290;Elektronik;1;64,78;41,82;1,15;1,1;10,57;0,27;1,12;1,08
291;Produkt_291;Motorenteile;8;262,61;157,94;2,2;1,8;22,74;0,47;1,96;1,64
292;Produkt_292;Motorenteile;6;190,21;110,39;1,9;1,6;17,99;0,23;1,72;1,48
293;Produkt_293;Metallkomponenten;8;243,31;171,23;2,2;1,8;15,39;0,37;1,96;1,64
294;Produkt_294;Elektronik;9;246,66;183,43;2,35;1,9;8,08;0,23;2,08;1,72
295;Produkt_295;Motorenteile;5;168,22;119,6;1,75;1,5;20,68;0,26;1,6;1,4
296;Produkt_296;Elektronik;3;88,64;60,5;1,45;1,3;23,9;0,45;1,36;1,24
297;Produkt_297;Metallkomponenten;5;151,24;84,77;1,75;1,5;20,62;0,41;1,6;1,4
298;Produkt_298;Getriebeteile;5;186,41;147,66;1,75;1,5;0,54;0,18;1,6;1,4
299;Produkt_299;Kunststoffteile;5;186,79;140,03;1,75;1,5;16,09;0,3;1,6;1,4
300;Produkt_300;Motorenteile;3;131,38;81,88;1,45;1,3;1,75;0,16;1,36;1,24
301;Produkt_301;Motorenteile;10;285,5;226,97;2,5;2,0;6,81;0,32;2,2;1,8
302;Produkt_302;Elektronik;4;149,28;104,57;1,6;1,4;1,96;0,38;1,48;1,32
303;Produkt_303;Elektronik;9;274,95;191,25;2,35;1,9;15,29;0,19;2,08;1,72
304;Produkt_304;Kunststoffteile;10;282,62;208,3;2,5;2,0;17,32;0,25;2,2;1,8
305;Produkt_305;Kunststoffteile;9;297,55;224,04;2,35;1,9;3,3;0,29;2,08;1,72
306;Produkt_306;Sicherheitsbauteile;2;113,16;80,81;1,3;1,2;9,9;0,47;1,24;1,16
307;Produkt_307;Elektronik;8;246,69;143,58;2,2;1,8;11,68;0,5;1,96;1,64
308;Produkt_308;Getriebeteile;8;250,4;158,9;2,2;1,8;9,54;0,17;1,96;1,64
309;Produkt_309;Metallkomponenten;7;228,13;178,4;2,05;1,7;3,47;0,42;1,84;1,56
310;Produkt_310;Getriebeteile;8;219,37;132,97;2,2;1,8;10,76;0,28;1,96;1,64
311;Produkt_311;Elektronik;3;121,29;78,0;1,45;1,3;18,9;0,29;1,36;1,24
312;Produkt_312;Motorenteile;6;189,77;124,87;1,9;1,6;2,24;0,41;1,72;1,48
313;Produkt_313;Motorenteile;1;59,98;39,58;1,15;1,1;2,46;0,47;1,12;1,08
314;Produkt_314;Sicherheitsbauteile;7;220,78;155,26;2,05;1,7;9,19;0,48;1,84;1,56
315;Produkt_315;Metallkomponenten;1;101,97;80,12;1,15;1,1;23,57;0,35;1,12;1,08
316;Produkt_316;Kunststoffteile;9;284,61;173,66;2,35;1,9;16,88;0,27;2,08;1,72
317;Produkt_317;Elektronik;1;66,43;38,56;1,15;1,1;17,13;0,43;1,12;1,08
318;Produkt_318;Motorenteile;1;83,59;50,1;1,15;1,1;9,37;0,24;1,12;1,08
319;Produkt_319;Motorenteile;7;245,99;189,84;2,05;1,7;15,04;0,35;1,84;1,56
320;Produkt_320;Getriebeteile;2;113,87;81,01;1,3;1,2;0,75;0,28;1,24;1,16
321;Produkt_321;Elektronik;5;175,89;109,31;1,75;1,5;16,08;0,38;1,6;1,4
322;Produkt_322;Kunststoffteile;8;240,3;181,18;2,2;1,8;22,88;0,23;1,96;1,64
323;Produkt_323;Kunststoffteile;8;260,47;199,35;2,2;1,8;15,51;0,22;1,96;1,64
324;Produkt_324;Getriebeteile;3;130,9;99,7;1,45;1,3;21,91;0,47;1,36;1,24
325;Produkt_325;Sicherheitsbauteile;7;238,43;185,91;2,05;1,7;18,24;0,19;1,84;1,56
326;Produkt_326;Kunststoffteile;3;134,53;82,47;1,45;1,3;3,45;0,33;1,36;1,24
327;Produkt_327;Elektronik;6;215,74;159,38;1,9;1,6;22,61;0,23;1,72;1,48
328;Produkt_328;Kunststoffteile;6;191,97;127,69;1,9;1,6;2,13;0,16;1,72;1,48
329;Produkt_329;Elektronik;3;144,76;110,09;1,45;1,3;13,58;0,16;1,36;1,24
330;Produkt_330;Getriebeteile;7;227,96;166,9;2,05;1,7;3,98;0,21;1,84;1,56
331;Produkt_331;Getriebeteile;3;156,13;116,18;1,45;1,3;0,79;0,45;1,36;1,24
332;Produkt_332;Metallkomponenten;8;239,66;171,13;2,2;1,8;10,84;0,25;1,96;1,64
333;Produkt_333;Motorenteile;10;326,04;193,78;2,5;2,0;7,73;0,48;2,2;1,8
334;Produkt_334;Motorenteile;4;152,97;104,98;1,6;1,4;12,41;0,35;1,48;1,32
335;Produkt_335;Motorenteile;1;65,23;51,93;1,15;1,1;14,64;0,3;1,12;1,08
336;Produkt_336;Motorenteile;4;142,74;111,96;1,6;1,4;1,57;0,35;1,48;1,32
337;Produkt_337;Metallkomponenten;7;220,19;123,48;2,05;1,7;3,51;0,33;1,84;1,56
338;Produkt_338;Kunststoffteile;4;156,36;92,44;1,6;1,4;14,19;0,42;1,48;1,32
339;Produkt_339;Elektronik;6;207,84;121,16;1,9;1,6;8,91;0,25;1,72;1,48
340;Produkt_340;Motorenteile;9;266,39;194,87;2,35;1,9;18,36;0,27;2,08;1,72
341;Produkt_341;Elektronik;1;74,63;56,31;1,15;1,1;16,48;0,46;1,12;1,08
342;Produkt_342;Elektronik;5;207,13;124,98;1,75;1,5;21,22;0,48;1,6;1,4
343;Produkt_343;Motorenteile;7;250,91;169,73;2,05;1,7;17,47;0,46;1,84;1,56
344;Produkt_344;Elektronik;1;81,54;61,99;1,15;1,1;11,03;0,3;1,12;1,08
345;Produkt_345;Elektronik;4;150,57;110,4;1,6;1,4;16,99;0,42;1,48;1,32
346;Produkt_346;Kunststoffteile;6;201,8;138,35;1,9;1,6;7,25;0,32;1,72;1,48
347;Produkt_347;Kunststoffteile;2;109,2;76,18;1,3;1,2;8,0;0,32;1,24;1,16
348;Produkt_348;Motorenteile;10;284,66;192,74;2,5;2,0;19,83;0,22;2,2;1,8
349;Produkt_349;Elektronik;5;171,14;106,86;1,75;1,5;11,44;0,36;1,6;1,4
350;Produkt_350;Kunststoffteile;10;274,97;190,08;2,5;2,0;20,06;0,22;2,2;1,8
351;Produkt_351;Elektronik;1;80,99;58,49;1,15;1,1;20,65;0,27;1,12;1,08
352;Produkt_352;Metallkomponenten;6;209,71;161,13;1,9;1,6;21,51;0,45;1,72;1,48
353;Produkt_353;Kunststoffteile;6;192,75;136,68;1,9;1,6;22,96;0,22;1,72;1,48
354;Produkt_354;Motorenteile;4;173,61;128,52;1,6;1,4;11,06;0,17;1,48;1,32
355;Produkt_355;Motorenteile;8;231,61;136,66;2,2;1,8;8,31;0,17;1,96;1,64
356;Produkt_356;Kunststoffteile;4;128,03;85,19;1,6;1,4;14,76;0,48;1,48;1,32
357;Produkt_357;Motorenteile;8;253,37;139,94;2,2;1,8;9,59;0,33;1,96;1,64
358;Produkt_358;Elektronik;8;265,71;162,52;2,2;1,8;15,23;0,29;1,96;1,64
359;Produkt_359;Sicherheitsbauteile;5;200,26;146,51;1,75;1,5;17,79;0,43;1,6;1,4
360;Produkt_360;Elektronik;4;143,12;114,2;1,6;1,4;17,37;0,44;1,48;1,32
361;Produkt_361;Elektronik;2;116,18;66,78;1,3;1,2;9,68;0,27;1,24;1,16
362;Produkt_362;Kunststoffteile;3;124,42;80,92;1,45;1,3;4,59;0,39;1,36;1,24
363;Produkt_363;Elektronik;3;122,41;91,81;1,45;1,3;11,05;0,42;1,36;1,24
364;Produkt_364;Elektronik;4;163,25;98,12;1,6;1,4;3,99;0,38;1,48;1,32
365;Produkt_365;Sicherheitsbauteile;4;159,78;110,06;1,6;1,4;22,31;0,2;1,48;1,32
366;Produkt_366;Elektronik;10;276,35;202,64;2,5;2,0;8,97;0,46;2,2;1,8
367;Produkt_367;Sicherheitsbauteile;5;197,15;138,79;1,75;1,5;4,28;0,34;1,6;1,4
368;Produkt_368;Sicherheitsbauteile;4;170,7;101,91;1,6;1,4;1,12;0,25;1,48;1,32
369;Produkt_369;Motorenteile;10;290,62;185,66;2,5;2,0;16,32;0,3;2,2;1,8
370;Produkt_370;Motorenteile;8;255,94;190,92;2,2;1,8;16,1;0,16;1,96;1,64
371;Produkt_371;Motorenteile;6;207,41;142,81;1,9;1,6;8,84;0,19;1,72;1,48
372;Produkt_372;Motorenteile;6;203,91;112,42;1,9;1,6;2,26;0,42;1,72;1,48
373;Produkt_373;Motorenteile;8;241,75;178,95;2,2;1,8;10,54;0,15;1,96;1,64
374;Produkt_374;Kunststoffteile;7;214,93;120,11;2,05;1,7;8,12;0,3;1,84;1,56
375;Produkt_375;Motorenteile;10;299,62;220,65;2,5;2,0;17,09;0,33;2,2;1,8
376;Produkt_376;Getriebeteile;10;317,59;190,75;2,5;2,0;15,34;0,17;2,2;1,8
377;Produkt_377;Metallkomponenten;8;258,15;203,82;2,2;1,8;9,43;0,49;1,96;1,64
378;Produkt_378;Motorenteile;2;94,44;60,63;1,3;1,2;5,84;0,23;1,24;1,16
379;Produkt_379;Metallkomponenten;9;286,58;181,04;2,35;1,9;24,71;0,26;2,08;1,72
380;Produkt_380;Getriebeteile;1;40,0;23,49;1,15;1,1;11,62;0,26;1,12;1,08
381;Produkt_381;Motorenteile;8;267,23;167,39;2,2;1,8;17,36;0,23;1,96;1,64
382;Produkt_382;Kunststoffteile;4;123,9;95,3;1,6;1,4;3,94;0,15;1,48;1,32
383;Produkt_383;Kunststoffteile;4;144,56;115,52;1,6;1,4;12,4;0,41;1,48;1,32
384;Produkt_384;Metallkomponenten;5;158,2;101,58;1,75;1,5;1,17;0,49;1,6;1,4
385;Produkt_385;Kunststoffteile;8;230,58;152,68;2,2;1,8;12,88;0,23;1,96;1,64
386;Produkt_386;Metallkomponenten;5;192,41;140,56;1,75;1,5;24,12;0,38;1,6;1,4
387;Produkt_387;Getriebeteile;8;242,98;187,47;2,2;1,8;9,91;0,41;1,96;1,64
388;Produkt_388;Motorenteile;10;305,2;213,11;2,5;2,0;1,46;0,45;2,2;1,8
389;Produkt_389;Metallkomponenten;1;74,3;48,14;1,15;1,1;1,26;0,3;1,12;1,08
390;Produkt_390;Metallkomponenten;10;307,16;200,62;2,5;2,0;10,01;0,26;2,2;1,8
391;Produkt_391;Sicherheitsbauteile;9;276,15;199,91;2,35;1,9;4,42;0,26;2,08;1,72
392;Produkt_392;Elektronik;6;180,76;99,56;1,9;1,6;1,07;0,4;1,72;1,48
393;Produkt_393;Elektronik;3;139,94;98,65;1,45;1,3;19,03;0,44;1,36;1,24
394;Produkt_394;Metallkomponenten;8;242,59;154,99;2,2;1,8;11,73;0,21;1,96;1,64
395;Produkt_395;Getriebeteile;9;251,65;188,37;2,35;1,9;7,59;0,28;2,08;1,72
396;Produkt_396;Sicherheitsbauteile;6;193,58;110,97;1,9;1,6;22,55;0,47;1,72;1,48
397;Produkt_397;Metallkomponenten;7;247,51;172,53;2,05;1,7;3,35;0,43;1,84;1,56
398;Produkt_398;Elektronik;1;87,75;58,82;1,15;1,1;23,92;0,49;1,12;1,08
399;Produkt_399;Metallkomponenten;5;169,77;120,64;1,75;1,5;8,19;0,41;1,6;1,4
400;Produkt_400;Metallkomponenten;5;169,76;96,12;1,75;1,5;22,27;0,29;1,6;1,4
401;Produkt_401;Motorenteile;10;295,18;205,15;2,5;2,0;15,27;0,36;2,2;1,8
402;Produkt_402;Sicherheitsbauteile;4;181,15;125,06;1,6;1,4;20,75;0,38;1,48;1,32
403;Produkt_403;Elektronik;6;205,73;141,99;1,9;1,6;24,61;0,18;1,72;1,48
404;Produkt_404;Metallkomponenten;7;231,45;162,22;2,05;1,7;7,57;0,34;1,84;1,56
405;Produkt_405;Getriebeteile;9;290,45;208,87;2,35;1,9;24,05;0,4;2,08;1,72
406;Produkt_406;Metallkomponenten;1;78,58;59,03;1,15;1,1;10,04;0,21;1,12;1,08
407;Produkt_407;Elektronik;6;196,11;121,09;1,9;1,6;9,95;0,42;1,72;1,48
408;Produkt_408;Motorenteile;7;222,05;167,93;2,05;1,7;8,84;0,35;1,84;1,56
409;Produkt_409;Sicherheitsbauteile;3;123,93;83,6;1,45;1,3;13,76;0,48;1,36;1,24
410;Produkt_410;Motorenteile;8;249,44;142,0;2,2;1,8;4,28;0,16;1,96;1,64
411;Produkt_411;Getriebeteile;5;185,91;104,97;1,75;1,5;14,07;0,24;1,6;1,4
412;Produkt_412;Sicherheitsbauteile;9;275,78;174,72;2,35;1,9;13,77;0,36;2,08;1,72
413;Produkt_413;Sicherheitsbauteile;5;185,99;138,79;1,75;1,5;19,17;0,25;1,6;1,4
414;Produkt_414;Elektronik;9;273,79;199,02;2,35;1,9;20,92;0,4;2,08;1,72
415;Produkt_415;Kunststoffteile;10;301,18;225,03;2,5;2,0;11,29;0,42;2,2;1,8
416;Produkt_416;Elektronik;4;120,03;81,54;1,6;1,4;7,91;0,19;1,48;1,32
417;Produkt_417;Getriebeteile;9;288,74;190,59;2,35;1,9;6,85;0,33;2,08;1,72
418;Produkt_418;Getriebeteile;5;180,2;105,75;1,75;1,5;5,27;0,33;1,6;1,4
419;Produkt_419;Kunststoffteile;10;314,97;199,08;2,5;2,0;1,91;0,28;2,2;1,8
420;Produkt_420;Metallkomponenten;9;231,56;152,48;2,35;1,9;8,89;0,48;2,08;1,72
421;Produkt_421;Metallkomponenten;3;156,33;89,44;1,45;1,3;7,12;0,44;1,36;1,24
422;Produkt_422;Metallkomponenten;4;147,91;89,51;1,6;1,4;24,18;0,39;1,48;1,32
423;Produkt_423;Motorenteile;9;291,62;204,01;2,35;1,9;14,16;0,4;2,08;1,72
424;Produkt_424;Elektronik;10;284,4;208,73;2,5;2,0;9,01;0,31;2,2;1,8
425;Produkt_425;Motorenteile;6;209,19;167,27;1,9;1,6;14,72;0,47;1,72;1,48
426;Produkt_426;Elektronik;2;84,2;65,95;1,3;1,2;3,91;0,39;1,24;1,16
427;Produkt_427;Elektronik;7;215,64;153,25;2,05;1,7;11,38;0,41;1,84;1,56
428;Produkt_428;Metallkomponenten;2;128,71;84,35;1,3;1,2;15,84;0,45;1,24;1,16
429;Produkt_429;Getriebeteile;2;97,14;68,88;1,3;1,2;12,48;0,25;1,24;1,16
430;Produkt_430;Motorenteile;1;78,26;58,42;1,15;1,1;10,34;0,43;1,12;1,08
431;Produkt_431;Motorenteile;3;138,05;80,01;1,45;1,3;24,85;0,22;1,36;1,24
432;Produkt_432;Metallkomponenten;6;207,44;135,35;1,9;1,6;22,07;0,27;1,72;1,48
433;Produkt_433;Kunststoffteile;8;252,26;191,7;2,2;1,8;15,77;0,27;1,96;1,64
434;Produkt_434;Motorenteile;9;280,47;181,17;2,35;1,9;14,45;0,49;2,08;1,72
435;Produkt_435;Motorenteile;7;261,05;180,9;2,05;1,7;15,71;0,45;1,84;1,56
436;Produkt_436;Kunststoffteile;4;149,14;103,94;1,6;1,4;5,43;0,4;1,48;1,32
437;Produkt_437;Motorenteile;6;203,02;121,02;1,9;1,6;10,18;0,4;1,72;1,48
438;Produkt_438;Metallkomponenten;5;190,76;122,19;1,75;1,5;1,47;0,35;1,6;1,4
439;Produkt_439;Kunststoffteile;8;266,58;168,91;2,2;1,8;12,15;0,48;1,96;1,64
440;Produkt_440;Motorenteile;1;92,81;51,65;1,15;1,1;13,8;0,32;1,12;1,08
441;Produkt_441;Motorenteile;1;84,58;47,03;1,15;1,1;6,08;0,28;1,12;1,08
442;Produkt_442;Sicherheitsbauteile;6;182,85;138,59;1,9;1,6;24,12;0,21;1,72;1,48
443;Produkt_443;Elektronik;10;324,5;200,63;2,5;2,0;22,78;0,43;2,2;1,8
444;Produkt_444;Elektronik;2;82,8;56,27;1,3;1,2;18,19;0,41;1,24;1,16
445;Produkt_445;Metallkomponenten;5;179,54;112,16;1,75;1,5;13,57;0,28;1,6;1,4
446;Produkt_446;Sicherheitsbauteile;1;63,69;50,0;1,15;1,1;21,81;0,16;1,12;1,08
447;Produkt_447;Sicherheitsbauteile;7;224,04;137,74;2,05;1,7;3,7;0,44;1,84;1,56
448;Produkt_448;Metallkomponenten;1;79,93;52,55;1,15;1,1;19,87;0,15;1,12;1,08
449;Produkt_449;Elektronik;4;154,82;118,93;1,6;1,4;3,56;0,4;1,48;1,32
450;Produkt_450;Motorenteile;9;281,33;213,95;2,35;1,9;19,96;0,49;2,08;1,72
451;Produkt_451;Metallkomponenten;1;99,21;59,18;1,15;1,1;7,26;0,3;1,12;1,08
452;Produkt_452;Elektronik;4;156,8;117,71;1,6;1,4;21,99;0,23;1,48;1,32
453;Produkt_453;Elektronik;6;196,34;130,48;1,9;1,6;23,63;0,4;1,72;1,48
454;Produkt_454;Sicherheitsbauteile;6;214,46;143,85;1,9;1,6;4,15;0,44;1,72;1,48
455;Produkt_455;Motorenteile;8;267,84;156,25;2,2;1,8;11,84;0,34;1,96;1,64
456;Produkt_456;Elektronik;1;56,59;32,26;1,15;1,1;24,53;0,49;1,12;1,08
457;Produkt_457;Motorenteile;7;233,96;171,26;2,05;1,7;12,34;0,17;1,84;1,56
458;Produkt_458;Elektronik;1;85,52;57,65;1,15;1,1;21,66;0,33;1,12;1,08
459;Produkt_459;Motorenteile;7;220,54;145,38;2,05;1,7;14,92;0,4;1,84;1,56
460;Produkt_460;Motorenteile;3;145,64;106,66;1,45;1,3;9,7;0,45;1,36;1,24
461;Produkt_461;Motorenteile;8;247,75;183,68;2,2;1,8;7,5;0,21;1,96;1,64
462;Produkt_462;Kunststoffteile;3;126,88;74,83;1,45;1,3;5,48;0,43;1,36;1,24
463;Produkt_463;Metallkomponenten;1;72,4;50,87;1,15;1,1;19,16;0,34;1,12;1,08
464;Produkt_464;Elektronik;8;250,23;146,1;2,2;1,8;9,97;0,29;1,96;1,64
465;Produkt_465;Sicherheitsbauteile;3;108,56;80,1;1,45;1,3;13,03;0,2;1,36;1,24
466;Produkt_466;Elektronik;2;78,4;56,0;1,3;1,2;12,56;0,45;1,24;1,16
467;Produkt_467;Getriebeteile;1;98,92;78,06;1,15;1,1;14,64;0,21;1,12;1,08
468;Produkt_468;Metallkomponenten;3;112,3;63,7;1,45;1,3;21,71;0,26;1,36;1,24
469;Produkt_469;Getriebeteile;2;85,13;48,04;1,3;1,2;24,53;0,25;1,24;1,16
470;Produkt_470;Sicherheitsbauteile;2;67,7;42,01;1,3;1,2;10,49;0,45;1,24;1,16
471;Produkt_471;Motorenteile;6;190,42;117,19;1,9;1,6;20,77;0,39;1,72;1,48
472;Produkt_472;Sicherheitsbauteile;1;55,15;33,74;1,15;1,1;19,23;0,43;1,12;1,08
473;Produkt_473;Motorenteile;2;124,63;96,78;1,3;1,2;14,55;0,24;1,24;1,16
474;Produkt_474;Metallkomponenten;6;215,15;131,75;1,9;1,6;23,92;0,37;1,72;1,48
475;Produkt_475;Elektronik;3;114,68;70,87;1,45;1,3;5,41;0,35;1,36;1,24
476;Produkt_476;Sicherheitsbauteile;4;183,79;135,97;1,6;1,4;3,18;0,44;1,48;1,32
477;Produkt_477;Motorenteile;1;89,73;59,44;1,15;1,1;21,42;0,47;1,12;1,08
478;Produkt_478;Elektronik;8;245,13;182,42;2,2;1,8;11,26;0,15;1,96;1,64
479;Produkt_479;Sicherheitsbauteile;7;187,51;106,19;2,05;1,7;21,25;0,39;1,84;1,56
480;Produkt_480;Elektronik;7;259,36;174,26;2,05;1,7;22,38;0,17;1,84;1,56
481;Produkt_481;Kunststoffteile;3;104,16;58,16;1,45;1,3;2,03;0,34;1,36;1,24
482;Produkt_482;Kunststoffteile;10;275,32;155,74;2,5;2,0;22,14;0,25;2,2;1,8
483;Produkt_483;Elektronik;10;315,34;244,89;2,5;2,0;11,48;0,26;2,2;1,8
484;Produkt_484;Kunststoffteile;3;161,6;94,5;1,45;1,3;13,01;0,27;1,36;1,24
485;Produkt_485;Elektronik;2;120,76;82,49;1,3;1,2;15,85;0,37;1,24;1,16
486;Produkt_486;Sicherheitsbauteile;1;83,46;54,48;1,15;1,1;23,2;0,27;1,12;1,08
487;Produkt_487;Motorenteile;7;233,92;148,97;2,05;1,7;0,97;0,41;1,84;1,56
488;Produkt_488;Getriebeteile;7;237,8;184,29;2,05;1,7;12,18;0,29;1,84;1,56
489;Produkt_489;Sicherheitsbauteile;2;111,38;61,87;1,3;1,2;17,35;0,17;1,24;1,16
490;Produkt_490;Metallkomponenten;7;229,22;164,11;2,05;1,7;18,21;0,42;1,84;1,56
491;Produkt_491;Elektronik;8;251,56;198,95;2,2;1,8;17,47;0,25;1,96;1,64
492;Produkt_492;Kunststoffteile;1;74,06;51,11;1,15;1,1;3,79;0,3;1,12;1,08
493;Produkt_493;Getriebeteile;9;263,69;206,79;2,35;1,9;7,84;0,39;2,08;1,72
494;Produkt_494;Motorenteile;7;220,79;124,32;2,05;1,7;9,29;0,27;1,84;1,56
495;Produkt_495;Elektronik;3;99,61;65,21;1,45;1,3;20,21;0,17;1,36;1,24
496;Produkt_496;Getriebeteile;8;248,52;152,85;2,2;1,8;7,33;0,28;1,96;1,64
497;Produkt_497;Elektronik;7;210,17;153,99;2,05;1,7;5,66;0,48;1,84;1,56
498;Produkt_498;Motorenteile;8;233,45;185,67;2,2;1,8;23,96;0,37;1,96;1,64
499;Produkt_499;Sicherheitsbauteile;6;202,7;124,48;1,9;1,6;0,72;0,39;1,72;1,48
500;Produkt_500;Sicherheitsbauteile;9;295,88;211,12;2,35;1,9;24,95;0,37;2,08;1,72
