Reklamation_ID;Produktionsauftrag_ID;Produkt_ID;Kunden_ID;Fehlerart;Ausschussquote;Reklamationskosten
98204;376359;92;2143;Materialfehler;0,0485;9158,28
8734;451203;96;1859;Transportschaden;0,0445;13990,39
39047;131431;111;1429;Montagefehler;0,0637;34566,37
19068;736451;241;1536;Materialfehler;0,0471;6769,5
21040;604460;427;592;Optischer Fehler;0,0922;13204,19
75533;575894;273;1448;Funktionsfehler;0,046;35526,84
97144;758453;228;275;Funktionsfehler;0,0698;27461,11
42044;205798;462;620;Optischer Fehler;0,0368;12614,04
64196;656042;449;2877;Optischer Fehler;0,0388;31561,91
6510;233121;65;1191;Optischer Fehler;0,0273;29705,9
1134;777173;285;351;Funktionsfehler;0,0735;2090,82
20593;380910;289;861;Optischer Fehler;0,0463;24460,39
39774;674858;78;756;Transportschaden;0,0331;7102,65
31901;47183;497;1559;Materialfehler;0,0389;19960,48
41977;212968;371;67;Materialfehler;0,0658;5764,22
79143;214541;422;479;Materialfehler;0,0392;13529,1
50481;331514;475;1036;Funktionsfehler;0,0807;10819,02
64611;198651;114;1290;Materialfehler;0,0481;32168,05
17095;14983;154;1070;Transportschaden;0,0307;5279,53
52488;730832;399;1186;Montagefehler;0,0415;17721,13
38715;250598;428;1001;Funktionsfehler;0,0439;10043,09
55856;129491;266;2085;Optischer Fehler;0,046;3053,14
44342;28719;102;2942;Optischer Fehler;0,0489;6555,28
57201;199999;155;2118;Funktionsfehler;0,0223;6220,12
82875;607513;434;903;Transportschaden;0,042;11513,72
79451;529375;31;2648;Materialfehler;0,0372;4253,03
45807;109874;25;1995;Funktionsfehler;0,0619;53713,06
56899;593523;160;552;Optischer Fehler;0,1028;17045,07
82327;605290;96;799;Materialfehler;0,0297;2427,09
53662;292972;68;55;Funktionsfehler;0,0263;5136,93
17357;286697;98;1359;Optischer Fehler;0,0435;4060,14
24922;396575;207;2130;Funktionsfehler;0,0526;30694,24
66543;380296;334;2285;Transportschaden;0,0335;2960,69
24773;375025;151;1297;Montagefehler;0,0388;6440,46
96518;223941;265;1651;Materialfehler;0,0584;20607,38
6937;522718;248;2186;Funktionsfehler;0,0398;11881,28
26525;97385;248;286;Transportschaden;0,0387;8375,9
90733;547099;40;2454;Transportschaden;0,0362;16448,44
8781;183277;309;14;Materialfehler;0,0686;11387,17
12279;462199;391;1745;Transportschaden;0,0649;53549,48
26237;121807;357;444;Montagefehler;0,0419;3491,97
6997;525585;262;2021;Funktionsfehler;0,0342;4161,88
1569;161006;61;1232;Transportschaden;0,0682;57830,18
85434;796970;269;1193;Optischer Fehler;0,0288;1837,78
16392;158550;353;2286;Materialfehler;0,0546;6563,16
4361;177995;153;1540;Transportschaden;0,0482;10488,11
45599;606359;297;734;Montagefehler;0,0635;55879,27
26138;354196;293;2047;Optischer Fehler;0,0393;44275,69
44153;174735;73;673;Transportschaden;0,0662;41962,22
23497;49691;43;2471;Optischer Fehler;0,0441;47065,74
73850;684470;187;255;Transportschaden;0,0351;4697,9
87623;379074;373;741;Optischer Fehler;0,0409;18980,66
22264;288593;230;201;Transportschaden;0,0286;1318,74
32471;312180;428;193;Funktionsfehler;0,0278;9380,14
11697;402034;366;2876;Montagefehler;0,0485;32141,85
77642;434746;461;2616;Funktionsfehler;0,0493;20444,68
69389;638585;293;2695;Materialfehler;0,0516;49329,27
26694;142785;35;1730;Montagefehler;0,0419;10811,41
4591;784995;303;669;Transportschaden;0,082;38187,42
82206;94612;32;1551;Transportschaden;0,0365;30072,94
87181;32518;92;1791;Optischer Fehler;0,031;9193,14
48339;490553;15;984;Funktionsfehler;0,0705;3705,37
55623;479621;126;1725;Montagefehler;0,0589;8813,62
36172;387062;443;987;Transportschaden;0,0452;22619,41
89048;499044;224;2151;Montagefehler;0,0455;12285,95
86210;18295;367;1287;Montagefehler;0,0755;3974,59
42782;685406;71;121;Optischer Fehler;0,0426;7158,26
85973;407776;195;273;Montagefehler;0,0604;35091,05
36508;636646;204;259;Materialfehler;0,0518;27927,42
40611;566852;286;1751;Transportschaden;0,0562;2931,94
76200;575990;336;1102;Montagefehler;0,0433;30276,21
14993;232790;19;2548;Funktionsfehler;0,0403;16940,03
11308;184928;456;2435;Transportschaden;0,04;8854,36
33053;569407;293;927;Materialfehler;0,0295;21733,25
51356;306343;241;1776;Transportschaden;0,0624;71743,03
41333;312120;308;1665;Funktionsfehler;0,0709;3869,81
18181;476448;307;939;Montagefehler;0,0749;64870,83
64607;438159;114;2972;Materialfehler;0,049;19206,38
35512;792102;475;253;Transportschaden;0,0498;12053,15
13574;437015;81;1836;Transportschaden;0,0606;20792,2
18819;559807;46;2669;Funktionsfehler;0,0426;1130,16
44086;145447;401;2815;Montagefehler;0,0427;5021,05
68506;314882;435;1121;Optischer Fehler;0,0625;23537,6
99202;24254;299;1960;Optischer Fehler;0,0356;14711,27
35473;536099;170;328;Materialfehler;0,0808;13165,39
65352;614992;241;1758;Funktionsfehler;0,0353;10091,06
12073;359695;251;2510;Funktionsfehler;0,0408;13429,41
46401;618947;465;866;Transportschaden;0,0406;28231,86
99327;142600;227;2288;Materialfehler;0,0417;4046,56
66254;415850;462;1820;Optischer Fehler;0,0277;3697,0
26911;165744;132;30;Optischer Fehler;0,0518;58569,53
54879;338183;98;284;Materialfehler;0,045;2492,95
7664;28382;341;1983;Transportschaden;0,0267;22707,44
75412;462965;141;2867;Transportschaden;0,0269;1143,12
48982;31831;201;1167;Materialfehler;0,0505;43687,46
77719;498140;180;115;Optischer Fehler;0,0307;12486,82
52685;527745;249;2370;Montagefehler;0,0592;19462,28
77717;508835;309;2885;Montagefehler;0,0491;5658,02
20458;300009;385;2620;Transportschaden;0,0383;13058,79
53987;328482;280;1977;Materialfehler;0,0309;8052,58
49072;591316;108;292;Materialfehler;0,0377;8430,24
2309;403343;226;2135;Transportschaden;0,0486;9047,74
82832;611051;205;379;Materialfehler;0,0545;16459,75
22145;125465;245;2061;Materialfehler;0,0337;55152,83
43139;342044;248;2065;Funktionsfehler;0,0451;5056,39
48688;748602;119;624;Montagefehler;0,0471;8138,91
37148;221367;336;2444;Materialfehler;0,0741;43854,59
87933;650686;395;878;Funktionsfehler;0,0757;34840,55
81661;361409;59;1089;Transportschaden;0,0524;20576,27
54796;793315;365;551;Optischer Fehler;0,0512;54473,64
35613;722988;277;238;Materialfehler;0,05;5814,55
22910;284300;130;1742;Materialfehler;0,0599;11814,32
80361;612093;184;659;Materialfehler;0,0551;21028,68
52070;168702;115;80;Optischer Fehler;0,0916;40455,9
69612;314355;426;2266;Montagefehler;0,0306;25794,68
6017;259969;192;1966;Montagefehler;0,027;7034,8
47238;661039;153;1574;Materialfehler;0,0689;14152,11
63483;39961;468;398;Materialfehler;0,0305;8393,7
86340;562625;25;654;Optischer Fehler;0,0616;3900,13
81111;581574;135;164;Optischer Fehler;0,0488;47842,83
55846;682527;468;1267;Montagefehler;0,0499;32181,99
10151;484289;411;2786;Montagefehler;0,0319;4472,49
96650;208350;430;2247;Transportschaden;0,039;11484,56
26038;629157;371;2648;Materialfehler;0,0639;6945,01
14298;711591;232;340;Transportschaden;0,0466;8294,8
6048;661226;275;1687;Optischer Fehler;0,034;4890,5
12569;681223;151;1477;Materialfehler;0,0451;16920,51
39735;650988;53;354;Montagefehler;0,0455;7438,19
33356;105088;400;2402;Funktionsfehler;0,0558;8577,6
24751;460416;216;1170;Optischer Fehler;0,0608;26685,15
86175;649035;362;1847;Montagefehler;0,0707;2531,65
44197;467448;458;498;Optischer Fehler;0,0313;540,11
85669;266237;460;2607;Funktionsfehler;0,0557;35295,95
2124;315033;376;2670;Transportschaden;0,0518;35222,43
46748;678706;475;1874;Montagefehler;0,0394;20464,68
28380;531248;390;357;Transportschaden;0,0692;73916,1
1344;431072;105;1748;Optischer Fehler;0,0494;34474,13
4081;773415;59;1641;Materialfehler;0,0624;37732,08
33488;742503;179;555;Funktionsfehler;0,0573;10844,88
43714;376279;21;1676;Optischer Fehler;0,0475;42156,4
51502;407126;227;207;Materialfehler;0,0549;3002,94
68944;464290;418;1269;Optischer Fehler;0,0454;23458,33
79163;23971;405;925;Materialfehler;0,1134;52492,21
68474;199983;367;2279;Montagefehler;0,0332;8593,34
63411;652194;219;477;Montagefehler;0,0969;10953,12
2559;732013;131;1195;Funktionsfehler;0,04;8427,77
68635;95104;246;2801;Optischer Fehler;0,0824;39485,17
92982;688755;282;1883;Materialfehler;0,0322;15186,14
6738;308581;445;2478;Optischer Fehler;0,045;2316,27
22934;681906;415;564;Optischer Fehler;0,0674;15770,77
96344;133616;254;1202;Materialfehler;0,0466;23131,43
96164;138314;228;1803;Funktionsfehler;0,0554;69845,47
84978;115969;88;251;Funktionsfehler;0,0344;45395,91
97102;13221;338;1465;Montagefehler;0,0391;5890,63
51205;599025;486;2036;Funktionsfehler;0,0371;27428,81
88933;554087;480;264;Funktionsfehler;0,0448;13226,46
18722;629906;335;2244;Montagefehler;0,0353;4706,32
60451;6498;413;491;Montagefehler;0,0342;25500,17
47653;795449;422;2324;Materialfehler;0,0415;16470,08
43078;535064;251;1845;Montagefehler;0,0306;4327,46
8268;579204;437;2713;Funktionsfehler;0,0575;30695,31
68570;415190;485;635;Funktionsfehler;0,0375;4881,31
78648;794786;341;2528;Transportschaden;0,0475;8528,8
55765;583934;271;2316;Funktionsfehler;0,0465;7217,61
35813;672444;32;815;Transportschaden;0,0737;54827,62
55370;670759;341;2243;Funktionsfehler;0,0255;8005,1
22437;475194;137;265;Funktionsfehler;0,0453;9370,88
53761;246590;324;1223;Funktionsfehler;0,0454;55008,7
90956;740376;256;1990;Montagefehler;0,044;6009,95
22079;46217;410;591;Transportschaden;0,0466;24101,0
73193;506005;83;2102;Transportschaden;0,043;9245,14
89574;515203;487;1723;Montagefehler;0,0442;5943,87
5017;761075;361;583;Montagefehler;0,043;8684,97
96856;508809;231;1006;Transportschaden;0,0469;11535,42
45205;286500;30;290;Funktionsfehler;0,0326;15533,49
1772;768292;290;1958;Funktionsfehler;0,0483;18429,87
33326;297923;120;721;Optischer Fehler;0,0431;59673,5
77613;137552;128;700;Montagefehler;0,0401;32931,51
17485;711297;130;1252;Transportschaden;0,0424;31345,1
95589;744168;406;2440;Funktionsfehler;0,0466;12624,18
93833;517675;23;291;Montagefehler;0,0442;6423,89
62232;659933;353;2139;Montagefehler;0,075;46141,35
1766;695073;301;1967;Funktionsfehler;0,0453;32410,3
184;604542;318;1604;Funktionsfehler;0,0272;24397,85
88225;132454;232;55;Materialfehler;0,0407;3059,69
807;621570;437;481;Materialfehler;0,0471;15278,51
82085;788826;329;1334;Montagefehler;0,0556;44698,72
77931;437527;164;492;Montagefehler;0,0601;5879,09
23830;137177;162;1945;Funktionsfehler;0,0373;15027,18
54678;693310;95;1110;Materialfehler;0,0435;25770,43
59402;83067;43;355;Transportschaden;0,0768;28744,25
28568;538468;58;987;Funktionsfehler;0,0476;13930,72
40211;612718;242;2084;Transportschaden;0,0587;17919,5
90817;43766;211;2501;Montagefehler;0,0387;21531,83
29644;736354;98;2436;Funktionsfehler;0,0754;70206,4
45507;625370;320;2554;Transportschaden;0,0296;7292,3
15499;192668;338;1060;Materialfehler;0,0329;5950,42
3480;128061;190;2604;Montagefehler;0,0456;13943,35
61457;337411;447;2789;Optischer Fehler;0,0448;17130,31
90629;658781;257;130;Transportschaden;0,0415;36218,77
21045;701048;43;752;Materialfehler;0,0597;4656,34
37117;336991;257;314;Montagefehler;0,0322;41133,55
12908;496951;98;1835;Transportschaden;0,0485;9553,63
80388;512734;86;211;Montagefehler;0,0272;9553,14
65983;2974;239;1344;Optischer Fehler;0,0453;28697,14
67901;420379;181;2275;Materialfehler;0,0588;7204,14
20096;388117;290;1714;Transportschaden;0,0254;7030,21
84296;727606;267;2137;Funktionsfehler;0,056;38556,61
94610;627833;341;2145;Transportschaden;0,0392;28720,05
99994;665273;362;1067;Funktionsfehler;0,0351;14601,96
72154;528450;238;2509;Funktionsfehler;0,0321;5922,81
20555;584868;390;2134;Transportschaden;0,0691;38147,25
41767;164669;241;1024;Optischer Fehler;0,1094;36966,22
14700;158027;31;447;Funktionsfehler;0,0526;25722,49
44128;510858;352;910;Optischer Fehler;0,0569;53142,47
75964;554259;253;31;Transportschaden;0,0675;23867,31
16726;207285;383;1873;Transportschaden;0,0331;5412,63
47285;561056;93;757;Materialfehler;0,1025;35864,21
36792;550529;285;1328;Montagefehler;0,0382;2431,96
19011;7030;406;2181;Montagefehler;0,0196;11701,25
99228;766856;78;1320;Montagefehler;0,0281;5006,36
92048;688137;270;39;Montagefehler;0,0646;59035,4
70550;186647;394;904;Optischer Fehler;0,0643;34072,52
51234;782975;475;986;Funktionsfehler;0,0556;47493,81
59074;279391;262;3;Optischer Fehler;0,0283;6277,83
96791;714286;292;1714;Montagefehler;0,0545;17104,12
82939;75003;477;104;Funktionsfehler;0,0388;16390,48
70832;261137;166;1123;Funktionsfehler;0,0517;32288,68
26882;547418;41;2576;Materialfehler;0,0901;19761,84
31023;211408;257;84;Montagefehler;0,0394;35217,13
45649;195460;112;2586;Materialfehler;0,0466;2501,01
53456;401557;331;289;Funktionsfehler;0,0486;33985,03
12414;375800;334;658;Funktionsfehler;0,0414;33371,33
50912;665679;12;2234;Montagefehler;0,0551;31204,54
2368;651702;6;2020;Funktionsfehler;0,0316;21210,78
6254;242679;371;1468;Materialfehler;0,0527;5609,99
6985;193526;404;1468;Transportschaden;0,0491;17616,01
61380;200073;114;2612;Funktionsfehler;0,0706;13093,9
68320;726632;265;408;Optischer Fehler;0,0359;54157,94
61501;572202;444;2289;Funktionsfehler;0,0263;4053,92
56267;351092;245;2496;Optischer Fehler;0,0662;74696,56
64580;494712;60;1850;Transportschaden;0,0278;9972,67
60214;629684;146;1185;Materialfehler;0,0621;8782,54
35043;247641;3;2072;Montagefehler;0,0552;10040,79
28094;673345;376;533;Funktionsfehler;0,0847;14593,67
29964;246342;88;2935;Transportschaden;0,0395;7298,51
68075;476574;342;1182;Transportschaden;0,0432;15056,75
36640;103386;87;1211;Montagefehler;0,056;26184,85
14872;617187;403;425;Transportschaden;0,044;6958,14
66064;745727;497;1308;Montagefehler;0,0673;17251,52
9437;680065;284;2074;Materialfehler;0,0258;28580,97
38789;695251;328;1590;Funktionsfehler;0,0431;25470,54
50592;340180;22;2066;Materialfehler;0,0489;43746,94
16056;346369;213;419;Materialfehler;0,0543;4166,25
71035;299819;117;933;Funktionsfehler;0,0736;1353,94
53571;141375;230;1848;Optischer Fehler;0,0446;18669,6
69209;175277;326;446;Materialfehler;0,0503;7176,73
91891;174362;327;2463;Funktionsfehler;0,0363;2642,38
60793;661638;365;1066;Transportschaden;0,0326;17342,38
80858;296155;45;910;Optischer Fehler;0,0419;18675,43
15098;614734;3;2833;Optischer Fehler;0,0561;21686,64
33336;775063;256;725;Transportschaden;0,0531;8033,83
57849;363025;184;2301;Montagefehler;0,0785;14720,08
83126;308332;96;423;Funktionsfehler;0,0277;2431,66
81715;228609;480;381;Montagefehler;0,0369;40325,72
22245;58263;163;14;Transportschaden;0,0755;76913,41
84862;694008;20;1535;Transportschaden;0,038;27684,66
82987;237057;119;759;Funktionsfehler;0,0505;11756,19
93092;692711;346;1935;Transportschaden;0,0347;27569,47
94649;250595;479;1418;Materialfehler;0,0641;29709,34
95427;327327;72;2212;Optischer Fehler;0,0457;2175,59
43935;229984;93;322;Montagefehler;0,0492;46569,95
71869;718920;235;2415;Optischer Fehler;0,0429;17260,39
81824;520845;288;562;Materialfehler;0,0446;18160,78
16128;225559;90;1767;Funktionsfehler;0,0438;27997,86
11052;729502;194;386;Funktionsfehler;0,0469;12172,7
72682;383446;49;2545;Optischer Fehler;0,0357;8349,14
17537;562608;406;121;Optischer Fehler;0,0267;7901,55
81376;679994;100;656;Montagefehler;0,0471;15974,4
83734;402858;396;1535;Optischer Fehler;0,0359;50815,68
97653;217477;387;2081;Montagefehler;0,0481;56287,45
69047;746714;130;1071;Transportschaden;0,0445;37196,48
47020;281833;10;1482;Funktionsfehler;0,0304;32864,36
75891;745734;407;949;Optischer Fehler;0,0333;9387,08
69981;305485;260;2265;Montagefehler;0,032;1719,85
14086;130679;300;2078;Montagefehler;0,0363;22713,63
40913;622768;428;2229;Funktionsfehler;0,0608;23524,09
52330;226991;467;366;Materialfehler;0,0378;3544,98
79431;69229;146;577;Funktionsfehler;0,081;59905,96
11485;704684;396;2554;Funktionsfehler;0,0355;11127,25
18707;100335;34;48;Funktionsfehler;0,0485;7495,91
95819;580338;276;1774;Transportschaden;0,0452;22219,54
8380;778041;32;154;Optischer Fehler;0,0693;29493,49
61631;767945;111;347;Materialfehler;0,0333;10738,11
31250;284875;76;2865;Optischer Fehler;0,044;10914,8
68620;457643;279;1035;Montagefehler;0,0399;21145,9
3298;290920;339;904;Montagefehler;0,0259;4089,45
52924;367808;91;2952;Funktionsfehler;0,0756;64506,43
92006;286969;122;1655;Funktionsfehler;0,0713;48849,89
70002;210612;268;673;Funktionsfehler;0,0354;25541,12
67239;676077;420;1001;Montagefehler;0,0623;52945,28
30244;344601;224;511;Transportschaden;0,0289;28227,82
58317;325160;43;60;Optischer Fehler;0,0416;42049,61
68370;240680;151;428;Materialfehler;0,0417;6003,72
52311;613723;16;1210;Materialfehler;0,0336;7504,86
306;514965;132;1048;Funktionsfehler;0,0846;18504,46
53753;208320;117;162;Transportschaden;0,088;44858,39
48132;131309;456;957;Optischer Fehler;0,0475;34666,78
54767;578793;331;2033;Montagefehler;0,0382;11874,21
68170;75816;236;2257;Montagefehler;0,0471;6278,84
19474;527901;370;2027;Montagefehler;0,0602;31836,0
16655;403014;372;423;Materialfehler;0,0518;47979,52
11921;107590;54;2786;Optischer Fehler;0,0582;42034,91
19227;440890;363;2094;Materialfehler;0,0515;21008,13
68051;776567;388;1811;Optischer Fehler;0,0643;19352,15
2377;146955;199;1567;Funktionsfehler;0,0357;22612,25
56539;176957;49;1699;Optischer Fehler;0,0933;55565,17
70701;540388;411;1132;Materialfehler;0,0332;55523,71
33448;536141;125;487;Funktionsfehler;0,0291;14577,8
8663;596646;450;2207;Funktionsfehler;0,0422;10615,35
29033;236377;294;2286;Montagefehler;0,0531;41764,47
95593;644004;482;2699;Montagefehler;0,1003;84371,33
41617;605546;112;1149;Materialfehler;0,0557;43864,44
12822;247013;350;99;Materialfehler;0,0718;64327,12
50121;202085;174;1319;Montagefehler;0,0562;47385,52
326;475353;372;483;Montagefehler;0,071;11360,81
88158;206154;355;1358;Montagefehler;0,0485;13220,57
28540;106185;387;1679;Transportschaden;0,0526;25931,32
46063;455865;432;599;Transportschaden;0,0616;1932,1
96033;249190;395;2811;Funktionsfehler;0,0507;28952,32
93842;438848;442;810;Transportschaden;0,0408;13491,02
64360;15176;285;2431;Materialfehler;0,0295;6632,78
51763;649484;165;1368;Materialfehler;0,0291;43179,56
32969;535657;377;2654;Materialfehler;0,0473;9664,6
85851;767065;490;97;Montagefehler;0,0459;15118,14
71711;162862;401;945;Funktionsfehler;0,0768;2143,67
57182;167527;500;1198;Montagefehler;0,0799;22149,79
46934;97132;391;1165;Funktionsfehler;0,0396;14804,1
49716;483577;371;98;Montagefehler;0,0457;6897,22
8002;523210;111;1028;Optischer Fehler;0,0904;32038,61
93415;309788;168;113;Transportschaden;0,0769;4560,1
11107;61439;60;925;Montagefehler;0,0267;29917,66
69582;86471;342;2019;Materialfehler;0,0628;40036,0
58855;563044;90;1954;Transportschaden;0,0777;16260,39
21569;182114;302;519;Materialfehler;0,0753;31853,26
79850;78220;320;2410;Montagefehler;0,0276;4418,32
35193;747550;453;2514;Transportschaden;0,0273;9093,13
29648;622343;22;2343;Funktionsfehler;0,0306;12735,33
56446;268581;461;1599;Transportschaden;0,0855;101794,46
49140;547186;288;489;Transportschaden;0,0368;19969,38
883;98606;377;2645;Transportschaden;0,0389;947,62
59303;49083;424;593;Transportschaden;0,0358;33848,78
9363;752293;44;1154;Transportschaden;0,0288;27714,89
86437;570326;214;2765;Transportschaden;0,0512;23258,96
92821;460454;239;2925;Optischer Fehler;0,0402;3579,66
22726;667312;133;234;Funktionsfehler;0,0477;23067,17
51470;798324;395;2502;Optischer Fehler;0,0511;10409,91
86849;143919;479;2776;Montagefehler;0,0697;29340,49
44976;781703;44;860;Funktionsfehler;0,043;9174,67
28994;205535;415;2323;Funktionsfehler;0,0658;11099,39
77257;767715;346;791;Materialfehler;0,051;14699,57
15810;541179;383;1206;Montagefehler;0,0257;15556,73
52241;368797;191;1759;Optischer Fehler;0,0591;21270,1
32098;173395;92;1006;Transportschaden;0,032;6529,01
4558;632529;456;2298;Funktionsfehler;0,0256;36056,79
22230;530189;257;1361;Materialfehler;0,0456;18971,24
90344;760908;461;2840;Transportschaden;0,0358;34110,82
2534;737076;420;2146;Materialfehler;0,0495;11345,85
79650;510318;430;2780;Transportschaden;0,0324;12511,24
93062;57800;26;689;Materialfehler;0,0577;61855,69
70935;169223;106;112;Funktionsfehler;0,0594;6561,52
90603;497130;96;699;Transportschaden;0,0352;6093,36
63018;490341;311;2374;Materialfehler;0,0315;9895,28
39729;351556;303;837;Optischer Fehler;0,0401;4472,11
13042;616289;138;692;Optischer Fehler;0,0511;34620,75
25367;498525;229;2693;Montagefehler;0,0402;17176,66
74806;411490;64;649;Funktionsfehler;0,0887;7166,66
59432;537760;271;2942;Materialfehler;0,0427;21625,27
6729;248364;226;1911;Montagefehler;0,0499;15080,07
19833;131130;322;2812;Montagefehler;0,0875;60310,66
82294;521555;376;2412;Transportschaden;0,0511;33780,32
39184;730141;401;647;Transportschaden;0,0497;6465,12
2055;506550;47;2716;Materialfehler;0,042;31710,72
5003;491315;265;1492;Funktionsfehler;0,0516;70527,04
59439;150660;262;1093;Transportschaden;0,0382;16187,32
33914;700177;379;619;Transportschaden;0,0722;19747,98
86471;607709;231;325;Transportschaden;0,044;8252,4
96304;746570;63;287;Transportschaden;0,0786;24318,55
11092;565923;173;2417;Materialfehler;0,0618;51905,85
65118;684131;11;752;Transportschaden;0,0414;26539,4
21313;685042;349;900;Materialfehler;0,0634;38194,67
923;469823;231;2211;Materialfehler;0,0554;49473,92
23336;46377;135;1046;Montagefehler;0,0466;54090,35
55379;531289;261;2904;Montagefehler;0,0437;13006,37
94351;476271;242;2694;Funktionsfehler;0,0561;52877,49
52698;284273;303;1493;Funktionsfehler;0,0535;6874,53
12481;465061;214;1494;Transportschaden;0,0403;47713,44
72049;138512;58;2085;Funktionsfehler;0,0384;18532,01
31798;448635;39;1418;Transportschaden;0,0575;34601,63
12014;53163;353;643;Montagefehler;0,0708;33068,13
58302;194571;283;31;Materialfehler;0,0367;17186,34
88157;321526;349;1300;Materialfehler;0,0539;57104,44
78775;683692;446;2197;Transportschaden;0,0455;4666,87
17172;656997;473;1089;Materialfehler;0,0245;3620,36
37560;3281;281;1883;Optischer Fehler;0,0343;29129,84
33496;442472;435;1260;Funktionsfehler;0,0682;34429,72
59181;265237;219;1073;Transportschaden;0,0389;34501,68
25788;15851;39;1762;Materialfehler;0,0754;27259,63
33677;107976;492;766;Optischer Fehler;0,0239;4248,82
88131;421526;119;1264;Montagefehler;0,0661;64566,1
6819;753787;435;1456;Optischer Fehler;0,03;7904,12
34311;315364;218;690;Montagefehler;0,0592;7510,07
47004;133785;425;2982;Materialfehler;0,0461;9478,08
44309;635527;313;359;Materialfehler;0,0479;13774,84
82830;360264;62;2780;Optischer Fehler;0,0302;1698,17
9529;638617;332;148;Transportschaden;0,0512;5199,38
55498;54279;261;474;Materialfehler;0,06;11549,01
9844;360485;426;2514;Montagefehler;0,046;18422,39
34191;626744;341;673;Materialfehler;0,0329;22960,05
72164;96751;238;2421;Montagefehler;0,0567;10101,82
58424;223911;128;1086;Materialfehler;0,0379;23315,66
65928;277855;351;2010;Materialfehler;0,0488;4280,49
20320;799336;492;2955;Transportschaden;0,0282;34344,71
94335;490017;466;2736;Funktionsfehler;0,0463;11473,84
64085;141019;180;968;Montagefehler;0,0307;2359,38
20393;696891;66;2954;Montagefehler;0,0737;17060,96
19802;301847;222;1904;Optischer Fehler;0,0499;7009,21
52870;674124;373;1216;Montagefehler;0,0964;20283,6
19804;386539;326;1474;Montagefehler;0,0379;9372,11
86104;578194;294;2559;Montagefehler;0,0928;58650,73
50664;398873;310;1583;Optischer Fehler;0,0405;8379,93
922;238793;201;2275;Optischer Fehler;0,0521;10420,76
84120;512442;144;2826;Materialfehler;0,0679;14072,72
88209;94348;219;2005;Optischer Fehler;0,0418;24704,94
65283;69842;376;1240;Materialfehler;0,0635;15477,46
46182;473836;58;1997;Transportschaden;0,0382;10026,93
49509;754579;268;2708;Optischer Fehler;0,0287;19924,71
98475;79529;393;1253;Transportschaden;0,0443;34859,0
24428;418245;410;2359;Funktionsfehler;0,0325;19363,16
64377;319332;282;2281;Materialfehler;0,105;12396,15
93651;172967;18;910;Transportschaden;0,0645;3235,4
54721;357712;180;518;Transportschaden;0,0228;4394,12
96608;285923;134;790;Funktionsfehler;0,0414;27701,58
28122;671044;213;1229;Transportschaden;0,0348;9219,8
80667;29763;233;715;Montagefehler;0,0615;25805,93
52261;461709;148;2032;Transportschaden;0,0417;9755,66
37365;351534;199;2535;Montagefehler;0,0301;29524,04
66156;201363;468;1565;Materialfehler;0,033;15397,91
62572;605460;3;102;Transportschaden;0,0505;14681,81
26717;136337;104;574;Funktionsfehler;0,0485;13864,91
17836;461495;93;2866;Funktionsfehler;0,042;6955,59
93912;640637;477;2319;Funktionsfehler;0,0322;10064,9
24286;584834;79;1444;Montagefehler;0,0292;19414,68
454;300724;184;1162;Transportschaden;0,072;40796,52
77583;160431;463;2138;Materialfehler;0,0767;61258,29
75516;33395;92;2095;Montagefehler;0,0307;8796,79
49377;526165;141;220;Transportschaden;0,0367;65978,64
36407;489259;476;123;Transportschaden;0,0518;10414,55
45412;481366;302;2335;Optischer Fehler;0,0375;25012,89
72358;201943;433;1846;Transportschaden;0,0481;7326,82
82669;383294;140;912;Funktionsfehler;0,0754;16570,67
28329;422635;1;348;Funktionsfehler;0,0657;25527,9
39476;268279;268;1449;Funktionsfehler;0,0312;22072,07
89719;155101;406;174;Montagefehler;0,0444;7574,79
78545;110548;326;2062;Optischer Fehler;0,069;5722,48
21343;324985;186;2789;Transportschaden;0,0542;19274,67
47282;443612;388;260;Funktionsfehler;0,0442;2479,55
91563;362339;332;2464;Transportschaden;0,0505;40595,33
11932;611036;459;2572;Montagefehler;0,0486;17488,87
89713;50799;158;1126;Optischer Fehler;0,0536;17908,58
67177;762158;427;1136;Montagefehler;0,0505;20005,17
73477;165693;271;543;Optischer Fehler;0,0345;9219,03
65828;489904;288;260;Funktionsfehler;0,0285;12227,84
44224;595874;150;2957;Transportschaden;0,0366;7111,96
10234;288949;55;1247;Materialfehler;0,0452;21702,63
61486;503939;29;1890;Optischer Fehler;0,0434;15719,24
87702;213278;273;2744;Optischer Fehler;0,0376;9504,03
86880;420461;295;2797;Materialfehler;0,0436;28823,43
77879;166359;204;385;Materialfehler;0,0808;40817,29
76692;293637;493;1170;Materialfehler;0,0431;17352,54
39588;15102;326;1199;Montagefehler;0,0472;20785,27
8949;77421;277;725;Materialfehler;0,0506;12571,3
19771;80033;33;2571;Transportschaden;0,039;57244,43
87888;522756;155;179;Montagefehler;0,0404;26670,83
43905;735826;272;2536;Funktionsfehler;0,0509;14197,05
69866;206662;164;55;Transportschaden;0,0522;16932,57
23398;139895;155;731;Materialfehler;0,0353;22485,4
36173;780650;149;1324;Materialfehler;0,0514;58846,16
1643;134702;87;2423;Funktionsfehler;0,0311;14737,72
71903;366144;224;548;Transportschaden;0,0439;21960,29
80348;576172;393;217;Montagefehler;0,0594;6727,2
87291;340343;294;1848;Transportschaden;0,0771;43751,47
54905;275722;324;2340;Montagefehler;0,0404;27048,64
35841;45541;106;1209;Materialfehler;0,0651;3394,81
8608;619218;174;460;Materialfehler;0,072;14695,18
72161;120854;162;39;Funktionsfehler;0,0267;14032,88
68146;508917;284;366;Materialfehler;0,0328;18941,77
89451;735697;424;2693;Funktionsfehler;0,0576;50201,43
78402;268944;95;1618;Transportschaden;0,0399;12186,73
57095;308673;42;1102;Montagefehler;0,0389;10997,49
83402;507847;40;1596;Transportschaden;0,0449;28129,79
1267;628991;353;700;Materialfehler;0,0443;25071,53
52514;247356;164;442;Funktionsfehler;0,0927;7637,53
80357;69425;162;2243;Optischer Fehler;0,0459;35181,11
36033;670481;16;1916;Materialfehler;0,0258;1417,01
52854;784443;299;615;Funktionsfehler;0,0436;2948,69
45395;566613;428;1962;Montagefehler;0,0333;4846,9
80176;363089;53;1809;Materialfehler;0,0722;38003,66
66528;85751;215;1884;Transportschaden;0,0553;8781,7
38780;82508;250;1475;Materialfehler;0,0703;8817,79
62264;329918;293;2775;Materialfehler;0,0753;8613,81
84054;197825;427;1779;Materialfehler;0,0589;46607,34
59706;280482;79;178;Materialfehler;0,0327;2801,91
56938;340299;172;1685;Transportschaden;0,0326;42264,71
55070;481144;138;762;Materialfehler;0,0768;30000,53
72877;411712;56;2661;Funktionsfehler;0,0395;25085,5
54250;376464;374;1435;Transportschaden;0,0612;46409,32
66516;108396;99;496;Transportschaden;0,0497;24220,89
66083;463902;7;397;Transportschaden;0,0222;5623,28
40150;435128;324;2516;Funktionsfehler;0,0516;42147,39
65565;549261;311;2749;Funktionsfehler;0,0566;30636,53
37214;55728;443;293;Transportschaden;0,0534;39970,68
8889;273382;23;972;Funktionsfehler;0,0662;25802,11
75320;18879;497;1928;Materialfehler;0,0725;93673,35
35373;217972;282;1673;Transportschaden;0,0453;29841,53
8967;508670;334;152;Transportschaden;0,1055;28987,71
14547;267712;196;177;Materialfehler;0,0882;28499,59
20453;653213;228;1039;Transportschaden;0,0523;11815,54
53610;707496;211;1200;Funktionsfehler;0,0227;702,05
81780;425987;226;227;Materialfehler;0,0348;7298,51
63007;735958;141;1523;Optischer Fehler;0,0378;7685,62
1382;131359;20;795;Funktionsfehler;0,0401;12326,26
19376;352826;191;332;Montagefehler;0,0535;18799,68
69997;361859;446;275;Materialfehler;0,0339;53218,34
7658;615589;367;619;Optischer Fehler;0,0377;14340,69
44581;396329;176;951;Montagefehler;0,0398;18073,45
58681;779664;376;1538;Transportschaden;0,0794;26423,69
43572;614383;301;1511;Transportschaden;0,0848;32385,94
93100;523784;82;444;Optischer Fehler;0,046;5458,3
91244;399987;60;31;Transportschaden;0,0333;23167,41
32311;241495;183;600;Montagefehler;0,0674;35037,85
1394;788390;177;694;Montagefehler;0,0465;19002,82
69360;50836;220;1014;Materialfehler;0,0404;12949,1
57614;671589;230;1070;Montagefehler;0,0726;49787,98
85939;282107;326;2360;Optischer Fehler;0,0654;7351,61
15814;98850;362;2606;Funktionsfehler;0,0794;3615,87
15865;716510;32;15;Transportschaden;0,0772;53171,48
48017;490655;214;2976;Transportschaden;0,0569;23520,95
74868;432338;259;1880;Montagefehler;0,0513;2228,51
34957;39904;131;1958;Montagefehler;0,0268;4681,76
81664;308497;28;2471;Montagefehler;0,0659;74178,27
59301;102216;401;2865;Montagefehler;0,0578;40164,8
19354;783012;357;2189;Montagefehler;0,0564;12490,93
11629;368626;170;1751;Optischer Fehler;0,0823;21697,53
13253;741047;358;292;Funktionsfehler;0,0617;30795,14
65168;352507;387;1739;Funktionsfehler;0,0426;3727,81
71959;335954;176;1942;Materialfehler;0,0435;22659,19
21520;166658;293;1591;Materialfehler;0,0502;52612,03
89489;68879;188;2279;Transportschaden;0,0553;10611,04
6932;414849;408;2449;Transportschaden;0,0374;11030,06
74111;62873;301;1756;Optischer Fehler;0,0508;4602,65
48262;614944;34;899;Funktionsfehler;0,0349;15837,68
39516;80479;425;1557;Montagefehler;0,0364;8221,26
13602;104014;55;2755;Optischer Fehler;0,0246;5998,76
48474;308810;272;383;Montagefehler;0,0261;18686,72
42076;669188;482;1954;Montagefehler;0,0537;2291,24
46685;37446;253;1793;Transportschaden;0,0384;13726,44
98270;212833;469;1651;Montagefehler;0,0484;67574,37
55918;581604;123;1162;Funktionsfehler;0,0416;31693,25
36154;657647;112;2950;Funktionsfehler;0,0566;13400,79
57678;129417;270;921;Materialfehler;0,0372;17497,01
52549;451075;490;377;Montagefehler;0,0265;29076,64
97755;632683;452;999;Materialfehler;0,0469;19206,79
59522;150430;178;2256;Transportschaden;0,0594;54917,33
62137;481979;160;1779;Optischer Fehler;0,1177;28047,91
78136;633511;239;370;Montagefehler;0,0751;31341,04
98423;758805;96;247;Materialfehler;0,036;24820,5
90411;216339;375;1003;Transportschaden;0,0528;25064,27
63490;269472;351;398;Montagefehler;0,027;5524,28
46312;576864;388;2530;Optischer Fehler;0,0393;17253,18
7902;98009;143;2724;Optischer Fehler;0,0463;13552,27
55392;244297;365;578;Transportschaden;0,0404;37288,71
12520;599654;350;838;Funktionsfehler;0,0777;60102,92
21872;70217;410;923;Transportschaden;0,0426;6826,65
20442;352609;486;1914;Transportschaden;0,0242;10961,17
71001;701618;349;2557;Materialfehler;0,0504;19673,56
73024;627078;122;2157;Transportschaden;0,038;20378,89
39818;696505;310;2267;Transportschaden;0,052;28380,9
50589;426897;337;1947;Optischer Fehler;0,0284;16353,23
42376;546633;230;2075;Transportschaden;0,0288;3258,01
54194;304809;283;2439;Optischer Fehler;0,033;1355,7
69247;195587;361;1200;Materialfehler;0,0358;19270,12
84562;109679;349;1797;Transportschaden;0,0317;8030,52
99229;581321;170;218;Transportschaden;0,0613;19173,33
46770;721850;306;1101;Optischer Fehler;0,0434;18992,37
12195;622737;403;2380;Montagefehler;0,0791;4413,22
34092;484377;419;2271;Optischer Fehler;0,0462;29833,5
61937;658936;190;1601;Montagefehler;0,0434;4276,79
67711;640310;459;504;Transportschaden;0,0475;23944,03
35975;394170;394;154;Optischer Fehler;0,0481;22009,72
18720;684973;487;2851;Funktionsfehler;0,0681;45863,64
76716;252275;393;1569;Optischer Fehler;0,0457;4301,04
68888;792465;48;2987;Materialfehler;0,0524;7260,97
79813;247762;486;414;Funktionsfehler;0,0579;13000,46
88923;317912;160;1577;Materialfehler;0,0743;40755,57
96792;6941;313;109;Funktionsfehler;0,0549;35180,47
12793;782341;21;1121;Funktionsfehler;0,0472;13396,6
94626;287442;316;1798;Funktionsfehler;0,0606;47898,65
9940;532979;438;2576;Funktionsfehler;0,082;9626,65
26301;353732;361;1120;Montagefehler;0,0398;18325,87
72122;396611;215;2480;Montagefehler;0,0529;17488,71
37041;457495;264;682;Montagefehler;0,0523;71823,26
54538;436760;141;1970;Materialfehler;0,0532;23441,15
614;389883;244;1460;Funktionsfehler;0,0399;3706,07
67552;229250;123;1564;Optischer Fehler;0,0404;8769,19
51774;668287;229;1080;Materialfehler;0,0542;21626,25
28268;160764;424;2757;Transportschaden;0,0427;12845,79
11653;633921;208;2441;Funktionsfehler;0,0355;10158,02
40151;614174;222;2311;Optischer Fehler;0,0636;36173,51
8314;417858;343;2541;Funktionsfehler;0,0358;21311,25
19946;14428;384;2314;Materialfehler;0,0245;3410,91
58076;84730;46;300;Montagefehler;0,0561;14119,39
70757;6093;16;1271;Optischer Fehler;0,0351;15154,65
18943;203936;115;2327;Transportschaden;0,0404;29351,41
42703;259169;464;1704;Optischer Fehler;0,0418;9187,16
42723;602275;164;1311;Montagefehler;0,0418;23533,5
38220;349538;225;1609;Optischer Fehler;0,0878;47381,08
37739;106720;132;2204;Optischer Fehler;0,0512;19050,21
92303;628077;241;1882;Montagefehler;0,0562;15211,54
1390;616845;182;1240;Montagefehler;0,0655;9953,07
82602;709081;159;2744;Materialfehler;0,0742;11125,68
82149;469882;63;2174;Materialfehler;0,0502;59719,62
99587;557641;76;1497;Materialfehler;0,073;78105,79
52014;778193;361;1285;Optischer Fehler;0,0406;21520,29
11288;86096;318;523;Materialfehler;0,064;32507,97
78633;666720;214;107;Transportschaden;0,0357;14975,05
39360;717610;255;1297;Optischer Fehler;0,0673;25151,45
64992;663241;359;2101;Optischer Fehler;0,0668;64068,12
81754;134978;199;1841;Montagefehler;0,0385;13656,9
26662;761158;491;1421;Transportschaden;0,0525;12980,87
96801;690859;253;958;Optischer Fehler;0,0275;27553,12
70396;535134;123;600;Funktionsfehler;0,0294;13027,84
94099;578020;135;1844;Funktionsfehler;0,0563;58520,9
63144;369929;230;601;Optischer Fehler;0,0504;16481,62
96088;545682;418;2741;Funktionsfehler;0,0351;8956,69
84196;788633;491;1334;Montagefehler;0,0682;24016,58
15771;99087;29;2790;Montagefehler;0,0617;26138,05
83127;655663;213;2570;Montagefehler;0,0368;14626,33
96961;422778;53;1879;Optischer Fehler;0,0395;16833,7
79990;477090;499;2947;Materialfehler;0,046;10471,28
38552;236560;145;1095;Optischer Fehler;0,0503;5622,98
31847;725325;127;278;Montagefehler;0,039;10927,86
45407;524990;246;1786;Funktionsfehler;0,0453;36227,62
9303;8224;430;2622;Montagefehler;0,0334;12094,6
17842;209664;262;1771;Montagefehler;0,0347;5630,12
7054;260001;141;691;Optischer Fehler;0,0331;8455,15
20826;323762;258;2000;Funktionsfehler;0,0467;6467,92
1530;477265;157;62;Montagefehler;0,0697;33243,57
59824;356728;255;1252;Funktionsfehler;0,0416;7414,29
69500;366780;399;1370;Materialfehler;0,0578;37708,74
85096;326249;68;2150;Optischer Fehler;0,07;62593,81
51744;183899;378;2146;Funktionsfehler;0,0259;2532,62
5730;682319;489;2004;Optischer Fehler;0,0371;46228,08
78210;270278;355;702;Optischer Fehler;0,0571;2215,51
40556;453877;230;1599;Optischer Fehler;0,0379;2509,27
86724;513851;43;1736;Transportschaden;0,0781;32713,47
29675;769521;391;140;Transportschaden;0,0443;26207,03
23721;240747;56;1412;Funktionsfehler;0,0718;39435,95
83498;210662;282;2224;Materialfehler;0,0329;23180,18
47708;740870;294;2236;Transportschaden;0,0531;23253,73
49113;211203;178;1178;Montagefehler;0,05;66955,15
46676;14855;235;2611;Transportschaden;0,0342;8731,46
26634;484;323;1016;Transportschaden;0,1294;29230,74
15225;663715;101;1009;Montagefehler;0,0614;9160,64
87759;54911;190;78;Montagefehler;0,039;16797,57
26259;389044;493;2541;Transportschaden;0,0757;43244,43
11197;14648;121;1218;Transportschaden;0,0346;56190,3
63012;622164;399;946;Optischer Fehler;0,0444;5405,5
34641;291687;246;1425;Materialfehler;0,0685;7888,5
39608;426321;348;1384;Optischer Fehler;0,0449;60332,69
58876;713112;155;322;Montagefehler;0,0389;26293,49
84678;405526;452;1415;Transportschaden;0,0313;3815,96
44911;155741;24;436;Optischer Fehler;0,0321;21008,2
21880;275735;50;1844;Transportschaden;0,0403;5468,85
68938;772943;109;1562;Montagefehler;0,0487;11893,2
99113;114905;209;1269;Materialfehler;0,0332;5487,85
42803;639512;167;2083;Transportschaden;0,0222;12172,07
64137;246875;167;1644;Transportschaden;0,0564;16127,71
37919;610894;88;16;Materialfehler;0,0305;3673,93
29551;47618;390;2425;Funktionsfehler;0,0471;17510,53
31546;694544;91;2757;Optischer Fehler;0,0368;8721,88
65170;553778;446;2106;Materialfehler;0,0417;7477,52
61453;607881;474;1485;Montagefehler;0,0826;92744,83
94414;215674;104;426;Materialfehler;0,0853;39894,51
30501;28046;123;2194;Optischer Fehler;0,04;34469,95
40570;601991;473;2159;Optischer Fehler;0,0261;16900,0
86678;592501;157;942;Transportschaden;0,0884;33306,03
65241;741654;469;1540;Materialfehler;0,0286;1202,91
23148;106385;39;1103;Montagefehler;0,092;11227,64
19792;121203;406;451;Materialfehler;0,0262;15382,93
72624;308112;429;207;Funktionsfehler;0,0336;11204,87
20447;79407;294;2;Materialfehler;0,1243;7165,62
90972;706288;302;2404;Montagefehler;0,0409;8115,68
24293;458297;361;654;Montagefehler;0,0284;20900,86
11793;642655;283;1249;Transportschaden;0,0297;17279,31
59514;745150;164;573;Transportschaden;0,0467;7010,08
6365;756190;372;1687;Optischer Fehler;0,047;23683,95
88924;407943;213;2709;Optischer Fehler;0,0664;31108,53
56301;332139;160;1863;Optischer Fehler;0,0835;3635,58
91400;595665;404;2654;Materialfehler;0,0345;21556,89
22960;483518;420;408;Optischer Fehler;0,0505;24520,65
712;26571;337;2874;Optischer Fehler;0,0448;41019,31
22599;578413;62;1919;Optischer Fehler;0,0463;29847,09
91038;726741;330;2467;Optischer Fehler;0,0868;2817,02
37883;319333;250;875;Montagefehler;0,0657;16815,23
94152;662919;115;947;Transportschaden;0,0476;21510,62
60687;182999;314;1137;Funktionsfehler;0,0449;35257,05
84579;326217;408;1257;Funktionsfehler;0,0444;15001,96
22893;213417;200;1621;Materialfehler;0,0545;57006,98
69893;161104;105;1197;Montagefehler;0,0571;23504,36
81835;506886;469;1830;Materialfehler;0,0461;11614,52
11363;699985;244;229;Materialfehler;0,0342;14231,91
28993;632799;131;1864;Optischer Fehler;0,0287;2342,56
36099;88971;420;1294;Montagefehler;0,0765;21956,73
51286;544574;6;1116;Materialfehler;0,0386;7582,56
43167;47921;5;2007;Funktionsfehler;0,0528;22517,15
93214;139256;143;1892;Materialfehler;0,0736;44408,74
9935;633885;375;1524;Montagefehler;0,0751;14982,99
98372;706963;14;409;Materialfehler;0,0623;4721,06
12296;246535;36;484;Funktionsfehler;0,0453;10053,63
85127;103840;116;4;Transportschaden;0,0364;4531,86
22403;189949;342;2543;Montagefehler;0,0651;56940,71
43585;92452;477;807;Materialfehler;0,0482;23070,77
65639;589123;15;1170;Optischer Fehler;0,0382;7052,46
28245;327535;315;2559;Materialfehler;0,0382;30865,86
56512;250065;251;2686;Optischer Fehler;0,0199;34114,6
95794;52853;32;2967;Transportschaden;0,0767;53309,3
74056;131369;45;1396;Funktionsfehler;0,0588;47230,73
51999;284912;118;543;Funktionsfehler;0,0375;17723,54
39113;19669;378;546;Funktionsfehler;0,0277;20036,17
98212;149550;61;2936;Materialfehler;0,0536;4825,75
18610;218292;8;1050;Transportschaden;0,0483;42892,92
83848;179906;410;2513;Funktionsfehler;0,0519;10688,98
72054;308219;198;1360;Optischer Fehler;0,0227;5092,44
29294;126703;443;2517;Funktionsfehler;0,0594;79277,73
11273;272401;144;307;Funktionsfehler;0,0419;23589,69
68681;94159;222;2078;Transportschaden;0,035;12538,53
40900;432487;384;2816;Materialfehler;0,0445;2374,31
1695;103824;173;2751;Montagefehler;0,0383;6913,51
5212;434016;211;2291;Optischer Fehler;0,0241;4262,75
92613;764714;139;1159;Funktionsfehler;0,0441;3746,35
93249;467040;405;448;Transportschaden;0,0406;5482,28
44637;66952;355;633;Montagefehler;0,1076;8124,02
46054;507768;272;2285;Materialfehler;0,039;1528,98
73143;168683;193;192;Optischer Fehler;0,0631;22339,41
98623;274790;347;905;Montagefehler;0,0275;23200,11
16333;658396;57;116;Transportschaden;0,0249;29845,14
32763;367843;50;200;Transportschaden;0,0636;6110,02
46485;246946;408;287;Montagefehler;0,0793;8796,57
71955;231017;365;2207;Materialfehler;0,0414;5088,41
12174;182978;317;2323;Optischer Fehler;0,0322;13210,96
97714;273037;49;2957;Materialfehler;0,0733;66573,44
24760;158598;220;1679;Montagefehler;0,0453;7897,74
73907;706883;282;691;Funktionsfehler;0,0435;4359,15
63264;33670;13;439;Funktionsfehler;0,0475;24920,93
21524;245447;500;72;Montagefehler;0,0425;2575,64
95472;438472;297;46;Transportschaden;0,0658;27623,33
6657;389448;78;405;Funktionsfehler;0,0365;13900,91
28689;86152;68;2662;Transportschaden;0,0371;13041,38
61916;167383;353;1579;Transportschaden;0,0621;28338,59
90722;86587;163;837;Optischer Fehler;0,0536;6241,87
28536;380796;130;437;Optischer Fehler;0,0239;14043,01
68031;633671;480;1790;Materialfehler;0,0621;39472,03
9404;484253;58;2396;Funktionsfehler;0,0347;21283,01
32534;600871;127;2068;Montagefehler;0,0621;11335,15
776;115333;432;1018;Optischer Fehler;0,0621;20100,04
56388;114610;128;2771;Montagefehler;0,0297;8578,04
32326;679972;9;2448;Optischer Fehler;0,0505;20581,75
87988;221521;101;2366;Optischer Fehler;0,0543;35183,23
69464;753429;338;1463;Funktionsfehler;0,0434;21918,39
43276;373990;127;2288;Transportschaden;0,0453;13565,25
33468;121813;318;919;Transportschaden;0,0484;12756,93
38150;643020;75;2936;Optischer Fehler;0,0582;21329,98
14679;249649;243;1637;Funktionsfehler;0,0266;5740,64
22998;26268;143;899;Materialfehler;0,0553;64311,97
59053;207864;453;531;Transportschaden;0,0602;4858,48
54203;38980;397;46;Materialfehler;0,0847;33140,66
96071;274174;476;903;Optischer Fehler;0,0711;10185,49
14299;557755;413;2898;Materialfehler;0,0306;5535,42
84074;632659;307;1259;Montagefehler;0,0706;12062,65
92897;566837;134;1208;Montagefehler;0,0787;30306,56
94548;321033;358;1989;Funktionsfehler;0,0335;25658,79
45433;508400;74;62;Montagefehler;0,0325;7549,32
60092;185559;139;735;Transportschaden;0,0453;23905,12
60433;452465;129;2760;Transportschaden;0,0306;7631,61
49041;206646;302;2340;Transportschaden;0,0339;27792,69
76146;87859;153;1735;Transportschaden;0,0388;23503,36
38592;418760;389;129;Optischer Fehler;0,0239;3020,73
13874;201435;450;2122;Optischer Fehler;0,0559;14007,51
22975;557501;87;1942;Materialfehler;0,0353;23095,79
