Sensorwert_ID;Produktionsauftrag_ID;Maschinen_ID;Temperatur_C;Druck_bar;Vibration_mm;Stromaufnahme_A;Drehzahl_RPM;Ausfallrisiko;Zeitstempel
967138;239161;118;97,82;11,2;7,18;193;2440;103,39;02.04.2022 04:20
462409;738728;215;69,7;11,47;4,98;133,42;2156;56,59;18.01.2021 19:27
470574;86085;82;73,66;11,3;3,5;157,11;2209;46,71;12.04.2024 09:28
512032;154756;229;55,17;10,1;2,99;143,99;2049;38,23;20.10.2023 05:28
218554;13995;153;83,8;10,99;6,9;163,32;2254;83,27;19.06.2024 00:43
551279;249666;154;76,44;11,91;4,31;182,42;2439;54,54;09.09.2020 22:43
768298;284713;250;52,98;11,48;2,53;187,65;2300;32,92;17.02.2023 19:31
204664;61299;17;70,45;11,3;4,54;183,82;2514;57,85;06.10.2024 07:43
839332;119269;17;60,49;11,88;4,7;249,81;2841;52,7;12.10.2021 23:41
539551;737953;119;65,31;10,35;2,01;232,03;2681;31,77;24.08.2025 21:21
466169;53467;100;104,7;11,96;5,6;154,73;2120;104,51;14.06.2024 04:34
541827;783115;148;72,77;11,11;5,1;161,26;2235;58,58;26.10.2022 02:02
493107;152247;216;86,38;12,92;8,39;200,46;2495;111,87;23.05.2024 05:58
1001034;719002;300;100,36;12,63;11,18;197,01;2761;145,06;09.10.2023 09:02
817192;548063;45;64,91;11,5;2,49;247,95;3192;40,69;26.09.2024 09:09
353498;245232;30;108,19;10,59;4,73;243,37;2715;97,62;16.08.2025 01:35
841457;656196;214;76,08;11,18;5,56;173,99;2587;80,68;19.11.2020 19:58
688739;447232;55;77,72;11,68;3,81;232,53;2683;51,87;07.07.2024 23:57
196610;376349;213;64,34;10,74;3,35;237,98;3030;48,29;03.12.2025 14:05
541866;207267;291;105,79;11,82;6,19;172,04;2433;103,65;17.11.2022 18:26
987955;39181;264;74,75;10,83;2,99;196,3;2644;47,23;24.05.2023 23:03
496771;519114;172;90,68;12,13;8,71;154,82;2483;101,03;27.04.2025 10:38
675150;681306;171;68,58;11,59;3,51;164,92;2605;50,91;26.12.2025 23:28
404190;97965;172;97,09;12,94;6,97;229,52;2786;102,17;08.07.2025 16:39
657508;399493;214;101,72;11,51;6,29;184,76;2255;91,72;15.06.2025 20:45
524625;528420;300;72,98;10,46;2,68;142,63;2286;58,06;19.09.2022 03:37
988557;750242;74;67,82;10,81;2,11;236,62;2459;30,53;07.01.2024 14:35
855954;471623;217;70,37;9,94;3,18;199,64;2648;48,83;29.06.2022 13:40
77725;476999;153;95,67;12,81;7,23;217,02;2289;112,83;01.09.2024 06:51
795192;533026;210;85,27;12,01;6,77;230,14;2474;103,8;06.06.2021 07:23
554623;230673;130;82,24;11,28;3,25;242,6;2747;52,18;21.10.2020 17:18
48449;755969;134;84,45;12,12;5,04;173,53;2545;63,84;13.12.2022 23:23
1029864;428107;248;62,3;9,95;1,17;256,6;3126;24,54;12.01.2023 05:26
265356;256516;118;96,64;11,09;5,64;253,15;2502;82,41;17.06.2024 03:56
212581;435849;64;74,98;10,64;1,02;129,3;2218;26,32;05.08.2024 05:58
417880;214206;209;87;10,22;4,32;197,88;2408;83,84;26.12.2022 13:05
243445;254484;124;111,64;12,6;7,08;160,83;2268;101,81;04.07.2023 16:13
1031750;501231;148;90,7;10,26;2,09;143,68;2072;46,16;26.02.2021 22:57
502045;41911;125;109,74;11,37;5,78;171;2603;104,57;04.08.2024 21:17
193942;483182;155;59,97;11,06;2,37;141,45;1829;32,66;14.06.2023 02:25
552613;314584;102;70,8;10,36;1,25;169,66;2719;32,07;04.08.2021 13:29
638972;212810;248;61,64;9,71;2,78;169,06;2343;36,79;26.05.2024 08:53
738781;682162;279;73,12;11,55;3,78;192,23;2716;51,27;22.10.2025 01:02
138260;328911;78;102,15;12,03;6,59;185,81;2444;97,3;19.10.2023 23:55
1029133;346118;269;83,92;10,87;4,94;140,29;2084;63,27;19.05.2021 16:36
179054;328213;215;63,76;11,81;4,07;282,28;3147;49,15;20.02.2023 11:52
147621;91024;78;116;12,95;9,15;195,72;2336;112,2;09.04.2021 08:29
1034655;315389;93;46,86;10,48;2,36;200,03;1850;28,89;24.11.2021 17:30
286646;185711;7;97,15;11,55;6,81;232,79;2590;96,23;09.11.2020 08:00
566360;640372;47;83,19;11,28;5,03;258,82;2460;67,36;04.05.2020 07:21
878665;535844;45;78,72;11,42;3,78;273,87;2891;51,11;10.08.2020 18:27
132987;188578;161;76,29;12,36;4,07;203,34;2255;51,09;03.09.2025 10:20
936430;538583;183;58,83;10,39;1,78;192,61;2490;27,32;29.05.2024 17:00
75281;557962;231;61,64;10,45;1,66;186,05;2398;28,63;05.08.2021 15:47
453680;5179;16;98,54;11,19;6,67;224,33;2506;102,86;08.07.2021 04:40
963414;450898;14;96,19;11,81;5,15;200,83;2427;84,09;21.07.2021 01:21
940159;71694;84;81,29;12,42;7,29;164,19;2485;91,39;08.11.2023 14:00
323061;681608;274;58,39;9,92;2,13;220,09;2943;29,55;25.08.2023 17:01
138597;380078;195;66,06;11,11;2,61;252,54;3157;39,5;09.07.2024 03:43
955928;303076;179;60,89;11;3,16;160,47;2400;39,88;08.08.2021 16:40
73585;695095;119;57,21;10,74;2,44;264,58;2595;33,86;07.03.2020 01:11
243272;431130;124;79,74;12,53;8,31;166,05;2335;105,41;16.07.2020 00:14
577557;351225;240;99,92;12,42;7,44;149,44;2159;116,51;11.02.2021 16:33
838371;475983;64;74,59;11,45;5,12;270,33;2658;67,22;03.09.2020 21:36
23309;652863;33;87,05;12,9;8,93;193,06;2656;106,03;18.06.2020 02:49
204827;374918;273;59,62;10,73;2,94;311,69;2951;35,72;05.09.2025 15:22
607357;711943;189;80,72;11,66;4,47;215,58;2493;57,23;09.05.2022 01:05
933029;179815;6;84,28;12,24;6,42;155,95;2304;88,57;14.10.2021 20:30
229706;496304;200;51,24;11,17;1,94;195,61;2489;27,16;05.12.2024 15:44
828886;740832;258;81,56;11,96;5,79;289,97;2484;69,82;10.06.2022 10:49
726796;281707;43;96,17;11,83;4,61;228,69;2821;88,61;21.02.2022 23:38
589638;290158;297;60,31;10,73;2,5;274,79;3209;32,82;05.04.2025 09:13
45846;462993;199;62,56;9,73;2,23;190,13;2110;34,25;01.06.2021 16:38
942976;265872;291;107,07;11,64;6;184,57;2675;94,51;16.10.2021 13:59
737665;583015;51;54,94;10,29;2,37;219,78;2681;33,56;19.09.2025 22:12
991219;443740;212;86,72;11,07;4,93;246,59;2897;62,91;27.08.2025 15:26
981828;714735;154;60,56;11,74;4,6;154,78;1916;51,06;03.07.2022 17:08
565280;236629;143;67,7;11,29;4,05;148,94;2345;53,68;10.02.2023 06:08
968322;728444;121;53,67;11,13;1,91;207,86;2554;28,89;07.08.2024 16:57
380004;541376;122;63,1;10,43;1,35;150,68;2344;23,51;29.03.2023 00:02
979603;702623;263;55,88;11,14;5,58;149,71;2148;68,82;15.05.2023 11:20
88490;380670;26;57,02;10,61;1,49;161,73;1983;23,62;25.09.2023 22:02
493223;788339;280;50,5;10,55;2,05;275,49;2879;27,42;13.10.2025 10:49
651370;774060;265;59,41;10,28;1,99;281,79;3167;29,64;18.04.2021 22:17
150897;475570;144;72,18;11,06;3,71;207,33;2739;52,29;02.10.2020 05:07
958523;381596;10;80,67;11,21;2,3;205,58;2576;45,82;25.08.2024 09:01
45062;502873;192;50,97;10,08;1,59;314,79;3069;25,63;07.08.2022 16:35
121640;584053;48;74,24;10,83;5,2;294,87;3082;58,61;23.03.2021 08:10
541671;298214;93;58,41;10,09;2,85;303,92;2753;36,39;01.08.2022 09:22
966078;47659;2;64,99;11,29;2,77;224,6;2581;38,81;11.10.2024 18:19
1023294;451200;190;94,22;11,77;7,25;142,64;2121;92,74;16.11.2024 02:06
947586;797120;104;68,25;11,5;4,07;203,72;2662;48,42;15.03.2021 18:23
1041290;619092;274;56,93;9,38;2,17;158,47;2538;30,22;19.12.2020 23:36
927328;159230;177;79,88;11,95;5,28;155,47;2605;63,16;26.10.2021 01:27
125832;543243;149;100,1;11,52;6,24;155,35;2107;93,85;08.06.2020 08:14
213137;343910;11;74,63;12,07;5,75;246,5;2716;74,92;12.12.2020 13:07
226344;102663;215;84,57;11,91;4,94;190,57;2232;64,41;20.08.2020 18:48
79684;691672;284;90,69;12,42;8,31;137,62;2111;124,4;22.03.2020 08:54
740365;74524;5;98,52;12,45;6,2;129,87;1870;90,54;18.08.2025 10:28
375215;404074;195;72,53;11,82;5,41;149,25;2469;59,86;20.03.2024 06:06
214173;660994;266;64,11;12,04;3,36;181,43;2512;50,81;16.01.2020 04:23
278260;342251;155;63,61;10,9;2,13;150,17;2241;31,04;16.06.2021 13:34
423145;645802;210;107,87;11,53;5,9;211,69;2695;89,53;11.03.2024 22:31
45026;200722;12;52,75;9,95;1,98;146,52;2181;29,14;28.12.2024 01:47
100310;687897;243;57,86;10,33;2,24;143,65;2222;32,06;13.01.2025 21:04
330077;224722;138;87,12;11,35;4,21;235;3011;58,01;02.01.2021 18:07
27535;219056;130;65,39;11,16;3,71;176,28;1989;45,59;07.07.2024 17:59
181518;263586;112;97,75;10,27;4,82;167,51;2261;96,53;11.12.2023 01:15
543235;601413;223;104,01;13,95;12,03;235,29;2774;141,56;17.05.2023 06:07
969586;510193;152;82,97;12,15;7,24;139,58;2152;86,81;06.09.2020 18:19
976017;470972;101;90,31;11,68;5,3;244,7;2833;75,46;06.10.2020 02:31
248743;55014;96;75,9;11,53;4,63;200,51;2180;55,33;27.12.2021 04:27
670655;753633;74;58,6;10,57;2,57;156,63;2410;33,22;28.11.2020 16:30
718165;216858;96;65,61;10,98;3,88;191,18;2557;52,05;31.01.2021 23:15
780322;468623;34;62,17;10,73;2,89;224,29;2472;35,93;29.06.2020 06:10
479384;578177;227;61,1;10,81;2,42;123,3;2115;33,73;09.04.2025 12:16
1031210;333447;50;91,48;12,49;7,62;185,56;2244;99,57;29.07.2023 20:51
352770;40416;89;49,51;10,43;2,35;221,28;3230;30,84;25.03.2020 15:16
223455;643240;152;117,39;11,54;6,13;202,82;3023;109,26;02.04.2023 19:29
967870;289157;268;90,1;11,41;3,52;140,98;2768;52,89;18.02.2021 02:49
364441;660945;70;52,27;10,4;1,99;166,29;2248;26,51;10.07.2021 14:37
116358;527387;52;55,45;9,88;1,97;271,59;2625;27,86;26.03.2024 07:03
806389;429512;143;55,13;10,23;2,69;199,61;2435;40,25;22.04.2025 20:41
205582;441080;175;75,23;11,35;3,53;269,96;2948;47,49;07.12.2025 21:16
936129;90123;224;89,05;11,17;4,9;275,06;2715;61,28;24.07.2020 02:10
436523;732593;112;97,39;11,32;7,06;152,67;2324;112,62;28.10.2023 19:47
783234;539559;114;56,81;9,88;2,29;302,87;3218;31,39;02.04.2024 13:38
819807;781677;139;73,3;12,43;4,11;258,72;2973;51,54;24.05.2024 14:45
840052;594986;290;68,89;11,6;3,03;202,58;2244;42,53;02.12.2023 20:05
693793;534865;166;52,17;10,44;1,76;291,13;3167;26,73;16.10.2024 04:57
236299;127667;14;97,68;12,23;5,85;191,13;2229;84,08;04.01.2021 08:17
407666;155988;83;70,34;11,83;4,23;164,95;2253;58,8;18.05.2024 13:13
427151;504292;189;81,89;11,95;3,1;208,85;2652;47,44;21.09.2024 07:05
78823;258397;28;65,4;11,72;5,67;295,26;2983;64,39;02.04.2023 13:55
684565;727527;190;92,34;12,08;7,81;152,03;2379;111,08;11.07.2024 14:30
289318;522406;18;74,57;10,28;2,79;138,08;2232;40,79;06.04.2025 06:16
560716;681389;67;91,26;12,44;7,1;143,16;2362;96,41;25.08.2025 16:02
488041;701316;294;69,52;10,6;5,05;215,61;2563;63,62;11.09.2023 03:52
991797;39533;108;52,78;10,79;2,25;192,4;2419;31,76;12.01.2021 15:35
57656;795147;236;72,58;11;4,21;192,51;2604;54,57;25.03.2023 05:42
741002;404244;38;95,03;11,65;8,23;188,03;2330;103,42;17.07.2023 18:50
933043;667069;66;52,98;10,92;4,49;157,9;2213;49,04;19.04.2022 21:23
941882;731256;64;69,93;11,06;3,99;209,88;2298;55,94;25.10.2024 23:54
343908;703968;184;59,45;10,51;2,43;118,56;1845;34,02;15.11.2022 03:48
800483;593247;196;65,05;11,09;3,77;189,56;2235;49,66;23.03.2021 06:30
1389;656640;213;72,54;11,33;4,58;196,39;2336;58,68;27.05.2020 10:20
570841;206114;298;108,51;13,21;9,37;246,34;2845;134,2;30.03.2021 21:38
205737;644105;80;87,88;12,33;7,55;168,7;2338;94,19;22.04.2020 22:05
142348;106227;64;83,86;12,33;6,03;216,91;2567;68,93;25.01.2024 12:26
358891;21871;161;68,93;11,2;4,34;217,55;2559;55,02;02.07.2024 08:31
921826;402913;281;48,46;10,3;2,79;241,73;3189;35,85;07.10.2025 17:59
96280;393255;9;75,71;11,16;3,81;138,82;2352;55,42;03.02.2022 17:39
667638;292689;113;66,2;9,84;2,82;227,36;2396;38,44;04.05.2023 23:20
924639;684888;285;55,2;11,05;5,14;178,04;2492;59,34;13.03.2024 20:40
708050;242568;4;75,13;11,59;2,13;167,51;2136;35,3;13.08.2022 14:38
713373;172707;216;105,38;11,24;4,82;178,37;2328;85,8;08.06.2024 04:55
192263;188519;252;66,97;11,94;4,82;157,16;2422;55,65;26.10.2023 02:26
165771;411218;269;78,28;11,23;3,49;148,57;2009;53,67;28.04.2020 00:34
501377;720687;115;69,41;10,76;3,72;158,88;2487;49,43;30.01.2021 21:39
796752;676858;18;68,16;10,09;2,98;279,42;3040;42,63;29.05.2025 01:38
857670;790510;64;54,51;11,29;4,71;142,74;1741;51,28;02.01.2025 07:47
18273;98027;134;70,73;11,15;4,32;182,68;2219;60,71;25.12.2025 18:02
950220;550188;192;57,33;11,24;2,98;137,16;1983;36,35;09.09.2021 05:22
112928;270174;235;110,52;12,53;7,89;184,15;2244;104,01;20.08.2020 12:20
569681;631369;188;83,02;12,17;4,96;154,46;2322;62,44;09.11.2021 18:34
850595;249155;20;78,41;11,01;4,64;221,21;3016;61,53;22.07.2020 03:11
197694;275178;66;73,55;12,69;5,11;291,14;2809;64,59;25.11.2023 17:01
571631;240247;48;71,99;10,09;2,31;242;2968;42,98;22.09.2020 16:26
969256;245075;291;98,86;11,41;4,56;205,56;2974;82,38;15.02.2025 02:47
190287;256863;95;58,41;10,98;1,96;284;3012;30,02;13.07.2023 13:55
122317;786009;30;85,4;11,73;6,88;178,92;2558;106,41;04.05.2022 16:43
107055;455262;6;76,03;12,21;6,5;179,12;2438;80,16;19.11.2020 15:31
205068;410756;95;56,57;11,13;3,33;307,01;2961;40,84;18.01.2023 16:35
314114;61519;32;90,09;12,9;8,27;176,54;2602;99,91;11.06.2020 07:10
375204;381698;197;78,28;12,34;5,71;186,07;2329;71,26;16.06.2023 14:44
35773;600936;150;74,02;12,19;4,42;160,65;2138;57,67;22.06.2021 21:32
1002933;627943;106;108,63;11,48;6,39;208,48;3013;94,86;10.08.2020 14:56
1036062;615004;144;64,39;11,66;4,9;163,01;2704;58,25;23.09.2024 14:21
467575;743432;228;73,59;11,9;3,89;244,67;2627;48,42;30.06.2024 05:31
833180;587748;224;62,23;11,57;4,89;228,5;2650;53,98;20.12.2024 17:29
832776;218303;132;94,24;12,89;9,41;168,76;2142;122,38;26.06.2022 17:10
1017578;193246;31;70,9;9,52;2,42;202,28;2888;41,85;10.02.2020 09:01
1021587;720203;258;73,05;11,04;3,64;211,8;2558;54,5;07.10.2025 01:35
99817;629439;48;59,93;11,19;4,37;211,13;2802;52,1;05.01.2025 07:05
129177;149558;208;61,61;10,23;3,04;208,22;2490;45,32;28.10.2020 08:41
400771;256657;276;69,81;11,25;4,3;156,16;2205;59,21;15.05.2023 17:13
814759;23596;164;82,1;12,03;4,91;200,66;2481;59,7;12.11.2022 18:41
688209;786409;203;108,88;10,95;4,27;117,62;2058;83,48;14.12.2021 01:27
602366;548603;218;62,1;10,64;3,25;183,62;2591;49,49;22.08.2020 03:48
166507;33599;255;94,82;12,83;7,76;165,91;2236;114,6;01.02.2021 22:14
1007203;408684;258;67,11;11,54;5,55;243,53;2656;65,42;29.09.2023 04:12
338457;694443;164;72,43;11,34;3,74;213,95;2627;48,06;14.06.2024 03:02
227809;427948;228;75,04;11,64;3,43;165,61;2451;51,62;16.10.2025 00:15
671658;108595;50;95,48;11,15;4,82;280,89;2728;74,35;14.01.2022 19:58
835137;363331;176;88,73;12,13;5,89;146,28;2147;96,81;16.02.2020 14:03
206320;389881;14;81,93;12,93;8,2;210,38;2665;100,03;31.03.2025 04:01
800556;207896;189;68,66;11,5;3,88;229,82;2613;49,36;26.04.2023 22:17
385963;524742;25;73,27;11,59;4,15;217,57;2735;55,97;05.05.2024 04:55
407006;416084;130;68,84;11,61;5,21;196,62;2495;58,46;20.05.2022 15:21
505720;748566;162;69,52;12,1;2,87;135,65;2472;46,87;02.12.2025 22:56
437240;498977;251;83,27;11,23;4,9;163,63;2245;66,72;12.01.2022 11:16
504159;458087;172;58,03;12,61;5,81;212,65;3069;69,26;08.01.2023 17:30
670141;317833;4;68,59;11,47;5,04;231,55;2616;59,06;25.09.2022 15:35
599805;369711;135;59,92;10,45;1,26;224,06;2860;24,76;06.09.2022 00:11
634125;95668;202;113,23;11,68;7,38;153,2;2207;120,14;04.01.2025 13:38
163255;237137;54;54,06;10,38;2,4;194,52;2722;33,17;17.11.2024 19:33
656972;14134;191;102,7;12,99;7,8;220,38;2566;117,25;21.08.2022 21:06
978459;315226;226;91,66;10,95;4,14;190,45;2504;84,31;22.02.2024 07:11
703468;547583;69;106,64;12,97;8,05;149,49;2235;125,71;14.11.2023 23:57
683552;58792;3;78,12;11,17;2,91;193,21;2436;49,81;03.05.2025 18:51
1016453;765755;222;62,69;10,3;3,1;246,45;2662;41,22;11.07.2023 11:42
162507;297581;86;60,36;10,67;1,69;138,01;2150;32,79;17.10.2024 23:44
869387;732837;87;59,21;11,41;4,68;179,9;2401;54,32;23.09.2021 19:02
474458;332917;222;76,66;11,87;3,77;289,01;2846;56,01;18.07.2024 04:53
742109;303970;158;56,71;10,85;2,31;161,16;1991;32,52;08.06.2020 08:10
334811;599153;53;51,23;11,51;2,91;247,25;2937;34,14;07.10.2020 06:50
606786;95903;276;78,61;11,47;3,48;176,83;2471;45,71;08.09.2020 06:28
999007;393769;106;100,91;12,33;7,72;194,92;2519;109,07;04.09.2020 07:53
376299;609808;9;81,74;11,96;4,35;200,21;2677;56,41;22.04.2022 00:10
707988;528431;58;93,56;12,21;7,32;118;2084;97,8;10.12.2021 19:34
726199;304215;18;66,82;11;4,67;220,77;2745;56,88;19.04.2020 03:53
837895;798585;129;91,74;13,02;7,59;226,63;2664;96,7;12.10.2021 21:11
725406;364641;45;74,73;10,57;2,94;183,94;2369;45,42;04.03.2021 07:03
569747;319519;133;98,91;11,72;5,22;168,73;2242;71,68;28.08.2024 16:43
76093;753445;30;85,63;12,64;6,87;146,44;2256;88,38;28.04.2025 19:37
52838;322936;133;99,72;12,57;7,23;206,28;2765;90,27;27.09.2024 14:30
884760;257231;128;57,29;10,17;3,39;261,26;2825;39,75;26.02.2023 18:30
820717;200563;114;51,52;10,66;2,11;149,85;2342;27,93;23.10.2024 09:58
495948;275076;106;105,44;11,47;5,71;141,15;2416;84,08;09.05.2023 21:18
287752;745373;279;69,2;11,07;3,53;230,93;2754;44,91;14.10.2025 03:35
872536;548742;22;104,09;12,73;5,96;156,36;2219;106,2;11.08.2022 09:19
60865;280195;175;75,63;10,93;3,28;217,32;2826;52,51;18.08.2022 23:13
754596;479148;229;48,53;11,19;2,82;272,8;2850;34,66;02.02.2022 10:01
320216;49057;132;76,99;11,76;6,2;144,91;2121;81,25;11.11.2023 18:03
939351;77874;180;99,26;13,07;9,76;121,47;2082;128,42;04.05.2020 12:12
7415;637507;17;63,83;11,02;2,97;226,1;2343;39,89;25.05.2023 04:38
60473;165095;229;66,07;10,58;1,66;270,98;2966;29,53;14.08.2024 11:35
4448;415535;106;89,02;11,76;7,01;168,66;2409;91,36;25.05.2020 21:00
614822;385199;164;70,98;10,97;3,46;175,03;2276;52,24;06.12.2024 09:45
195129;450811;110;108,49;11,85;6,94;164,38;2100;105,73;23.03.2023 13:05
307044;26010;176;78,2;13,5;11,35;174,72;2525;119,98;26.10.2022 11:43
422401;684561;53;57,22;10,38;1,43;200,89;2548;24,4;21.04.2024 06:55
597613;311815;245;93,08;11,76;8,55;198,78;2735;112,55;30.04.2020 13:19
749273;238100;196;64,21;10,64;2,62;140,54;2112;44,26;05.04.2022 03:12
776055;329120;255;75,92;12,79;7,8;220,68;2835;89,63;08.03.2025 15:01
678702;323984;34;50,15;9,92;1,89;138,91;2013;27,89;17.06.2022 22:59
255882;457058;11;87,51;13,17;7,65;200,96;2618;93,45;22.02.2020 15:05
242529;443246;184;51,9;11,26;3,49;133,96;2149;39,3;10.10.2023 19:21
616396;198301;36;64,69;9,93;1,16;261,49;3105;24;29.01.2025 04:57
505588;374257;235;101,24;12,41;7,61;264,86;2827;110,33;01.09.2020 11:01
776525;81535;212;86,1;11,82;4,72;138,47;1893;65,87;22.01.2021 12:21
506851;695089;106;104,03;11,87;6,83;191,34;2458;109,49;15.06.2025 00:10
565294;661267;124;84,75;12,25;7,25;146,12;2656;100,53;22.08.2022 11:23
286935;217554;114;59,78;10,92;1,18;230,37;2879;24,62;13.01.2024 03:07
630444;459506;87;76,92;10,98;3,03;266,8;2990;45,16;02.08.2024 19:05
934984;687632;14;97,73;10,87;4,65;135,65;2440;71,05;21.01.2023 01:52
181136;113605;167;79,13;12,25;5,01;196,6;2828;61,65;19.09.2024 03:30
252226;389710;283;68,72;12,31;5,44;190,84;2481;64,56;30.10.2024 17:14
728189;693703;193;61,92;10,36;2,16;304,06;3257;30,19;05.06.2022 05:13
535011;763053;61;66,42;11,02;3,36;206,52;2619;50,62;21.07.2020 11:02
218147;641694;209;81,06;12,47;6,66;146,49;1979;94,3;26.11.2021 17:13
1043865;686475;184;55,18;10,88;3,05;161,68;1866;37,55;17.10.2024 02:45
417382;511683;73;85,21;11,97;5,99;131,87;1796;104,02;20.06.2023 19:39
761950;438197;53;62,07;10,52;1,47;245,45;3064;25,21;15.06.2022 21:39
757640;452869;20;73,45;11,25;3,95;144,93;2255;57,78;29.09.2023 01:02
972509;623368;165;109,21;12,08;8,15;121,88;2278;113,42;26.08.2025 12:23
1007219;717158;19;81,59;10,76;3,38;133,44;2244;47,07;11.11.2024 02:13
654824;146426;43;107,62;13,08;8,84;214,71;2648;126,74;01.08.2021 07:57
1035903;413656;185;63,8;12,01;4,88;243,86;2593;60,67;03.06.2022 21:42
799004;436550;126;73,53;11,91;5,27;224,22;2287;68,7;10.10.2024 18:31
585212;119816;84;94,63;13,07;8,31;200,44;2440;122,22;10.10.2025 15:26
1100;607813;67;93,89;11,81;7,1;149,16;1935;106,44;04.03.2023 11:37
658766;629024;245;77,3;13,09;8,63;243,5;2525;95,22;21.01.2024 04:17
458778;270107;223;103,88;12,23;6,91;144,51;2102;108,24;12.01.2023 07:46
638423;317270;42;77,87;10,76;3,56;235,27;3111;51,39;29.09.2024 06:39
74231;604362;65;64,27;12,49;6,28;229,69;2988;74,89;02.04.2022 07:55
132026;148392;15;126,57;11,71;7,84;191,8;2432;117,49;29.07.2022 14:10
657506;286271;55;78,39;11,48;5,16;165,64;2450;61,39;18.07.2024 20:38
224100;140333;201;76,76;11,46;4,15;254,74;3067;57,95;20.07.2025 17:52
825999;140762;176;97,6;11,6;6,07;178,34;2538;86,09;29.01.2021 19:36
459705;643578;87;52,63;11,51;3,5;275,04;2824;47,8;05.01.2021 03:05
904394;757825;54;54,79;10,52;2,1;242,01;2996;30,08;07.07.2022 14:25
615142;449771;240;107,92;13,06;8,04;167,12;2259;111,7;10.06.2020 03:12
677749;503740;253;55,42;10,87;2,34;220,43;2744;30,74;14.02.2022 16:39
738575;407414;180;80,06;12,8;7,13;229,92;2693;88,06;06.02.2022 01:18
835576;273734;167;75,45;11,84;3,77;205,92;2488;47,24;20.07.2024 07:06
1003091;49391;162;64,8;11,46;3,64;146,18;2151;46,38;12.04.2023 22:53
528270;22131;219;73,54;11,61;2,91;133,4;2159;41,39;08.01.2022 11:06
977795;321645;26;60,3;10,41;2,66;228,48;2680;36,44;14.02.2021 18:19
794195;614578;125;94,02;12,45;7,96;195,73;2717;92,82;02.05.2022 10:28
612416;57002;295;84,42;10,99;4,37;183,95;2729;62,16;26.03.2022 20:57
906553;616661;76;78,88;10,97;3,32;132,73;2277;53,08;05.12.2025 12:53
483119;244966;270;73,56;11,33;5,54;231,22;2916;70,95;26.05.2020 08:11
585791;595196;129;89,18;12,04;5,1;182,63;2408;78,24;09.05.2025 10:02
646165;125550;165;88,37;12,64;7,98;203,22;2545;118,99;24.08.2020 18:36
822505;214138;94;75,92;10,89;2,69;145,41;2379;41,61;20.09.2024 14:25
258504;559068;267;65,34;10,96;4,37;233,27;2392;56,94;14.07.2025 00:23
610489;719177;10;62,17;11,51;3,7;205,23;2682;49,24;14.04.2020 10:15
45666;545516;242;58,55;10,75;2,55;281,34;3418;32,44;03.01.2024 14:49
618135;413687;113;50,47;11,49;2,2;278,22;3075;28,59;27.09.2021 10:38
1047634;137404;280;56,58;10,06;2,02;137,2;2113;29,75;13.09.2023 11:51
809820;264822;190;87,55;11,11;4,02;210,5;2788;68,28;08.10.2021 18:41
302531;48233;49;60,77;11,22;3,98;241,18;2437;49,51;11.06.2022 14:29
559011;625534;182;110,07;12,59;8,7;168,09;2222;121,23;16.03.2020 13:47
628167;295893;173;84,24;11,04;4,68;181,45;2346;61,35;11.04.2021 01:21
701199;213962;251;66;12,26;6,16;167,67;2396;66,21;11.10.2021 16:25
402140;198957;154;73,03;11,09;5,25;216,9;2691;62,01;05.05.2022 13:53
166828;485088;119;51,56;10,28;2,75;325,22;3463;35,6;27.02.2021 00:12
134886;375897;185;69;10,64;2,87;154,54;2102;42,71;06.09.2025 03:35
348317;179861;168;85,68;9,91;3,11;161,16;2525;57,73;26.09.2024 03:51
378431;16371;217;73,27;11,1;3,67;134,67;2159;55,79;24.03.2023 15:58
175389;220769;110;91,94;11,52;4,67;193,03;2513;87,12;24.09.2023 23:25
961387;265769;95;60,59;10,87;1,63;248,24;3126;26,94;19.08.2024 10:51
713816;276451;48;74,36;11,93;3,88;247,05;2806;57,14;20.11.2025 20:13
439550;276904;110;103,5;12,55;7,79;191,45;2762;93,41;16.02.2021 04:41
205082;390642;28;83,82;11,29;3;192,63;2529;47,77;13.08.2020 23:15
555244;260269;48;68,67;11,65;4,07;181,33;2161;48,42;30.10.2022 16:29
64122;482246;125;92,35;11,99;7,39;277,14;2731;116,57;26.10.2022 17:22
164349;610800;186;59,91;11,2;4,3;172,19;2310;51,79;12.02.2023 10:08
621451;289446;283;69,77;11,3;4,47;236,31;2689;57,55;16.03.2024 10:45
647494;218562;174;95,12;11,3;5,29;139,18;2122;83,43;24.10.2022 19:45
842121;703107;55;59,73;11,23;4,22;195,21;2466;50,8;05.09.2024 00:13
198704;744094;103;85,29;10,62;1,81;207,87;2488;41,39;19.06.2022 12:27
15541;223060;218;58,29;11,18;2,09;139,93;2120;32,14;30.05.2025 02:40
229379;67254;140;55,79;11,04;1,9;266,01;3298;27,13;16.11.2023 14:18
223852;616789;114;52,67;10,13;2,81;221,56;2571;35,13;16.03.2022 22:26
408897;284237;239;74,58;12,14;5,27;210,53;2804;66,47;18.07.2021 01:59
553204;235859;284;98,55;10,65;2,61;172,1;2341;73,66;05.03.2023 03:50
38306;469908;157;72,81;10,84;2,39;208,73;2520;37,34;12.07.2020 06:37
330;2870;279;71,34;11,28;4,13;204,73;2235;56,61;09.11.2020 18:40
553870;134457;128;47,17;11,07;2,19;214,38;2354;28,12;30.03.2025 18:34
522931;224014;17;76;11,33;3,87;257,91;2529;50,96;14.05.2023 22:13
255380;619734;52;55,83;10,01;2,21;226,49;2689;31,6;17.09.2020 11:56
1028578;306953;24;65,83;10,88;3,06;172,5;2424;49,38;31.05.2020 15:56
687652;489756;101;95,55;13,24;8,22;208,99;2528;106,22;31.07.2025 05:09
503850;55837;207;112,12;12,26;4,73;134,85;2250;99,13;06.04.2024 23:11
977272;781385;116;56,78;9,91;2,11;222,04;3230;28,82;23.07.2020 12:15
524336;145826;44;45,42;10,58;1,5;264,07;2841;21,97;22.04.2023 01:35
812084;709107;152;92,94;12,56;8,57;202,93;2467;114,06;30.07.2021 06:37
500749;205565;27;105,99;12,69;7,63;201,92;2479;113,42;14.05.2020 04:36
807803;85914;66;74,24;11,38;5,07;296,32;2856;60,55;23.08.2025 18:12
561733;247942;176;106,15;11,98;7,47;240,92;2692;91,98;17.03.2024 23:25
48505;5101;124;77,07;11,96;4,63;161,02;2558;68,29;16.10.2023 19:02
613696;33157;18;73,69;10,98;5,39;156,01;1812;64,53;11.03.2025 20:09
532800;220041;132;86,11;11,61;6,2;160,88;2522;82,36;08.09.2022 10:32
147117;440758;237;85,61;10,9;3,49;141,95;1805;49,32;04.01.2021 06:40
944231;69834;176;81,43;11,67;5,8;208,93;2322;76,87;04.05.2025 23:14
906468;181857;176;115,58;12,87;10,38;204,57;2329;127,2;29.10.2025 22:19
227510;493071;206;87,68;11,46;6,42;227,35;2629;103,04;17.03.2022 06:59
775628;570192;52;61,7;10,09;2,51;127,05;2177;35,77;17.11.2020 19:42
817639;295669;55;76,2;11,52;4,29;165,18;2500;55,04;23.08.2024 13:39
979561;435066;143;65,03;10,93;3,07;258,67;2908;47,57;28.12.2024 02:02
291348;654333;62;84,52;10,63;3,89;180,91;2115;57,76;07.05.2024 19:27
489017;480164;142;66,25;11,28;3,72;182,54;2264;49,37;13.10.2024 10:38
653346;295919;74;48,8;10,52;2,43;146,35;2348;29,2;15.09.2022 17:29
42892;745736;211;69,15;10,65;2,73;216,79;2624;38,16;12.01.2024 22:13
572430;50407;118;89,49;11,34;5,38;179,54;2317;90,24;11.08.2023 01:27
755459;564273;132;105,22;12,7;7,76;258,74;2701;116,3;26.09.2022 04:51
692780;388950;233;76,49;10,1;3,82;165,51;2079;52,92;18.08.2020 02:22
475617;765335;174;116,13;11,58;5,25;151,91;2204;103,27;15.04.2023 00:03
200212;785680;187;55,55;10,61;1,68;202,69;2765;25,83;24.02.2020 20:11
1025881;462427;106;90,99;13,19;9,38;178,7;2150;104,85;07.09.2021 18:24
148839;145610;271;50,96;10,98;2,03;204,38;3004;27,76;02.03.2024 05:31
47438;602396;285;69,64;10,2;2,91;194,7;2611;49,03;17.12.2024 09:43
307841;437156;167;71,68;11,02;4,8;245,27;2809;63,74;26.12.2021 02:03
316286;654617;16;92,77;10,83;6,25;217,55;2309;84,1;19.08.2024 02:13
941035;485905;165;93,96;10,95;7,26;200,99;2650;102,88;30.03.2025 02:53
43167;503659;15;81,88;11,37;5,98;230,21;3025;86,13;03.02.2020 21:41
236120;169709;187;57,01;10,52;2,98;220,72;3019;36,47;15.08.2025 08:57
685520;417375;14;100,99;12,47;7,71;227,95;2525;119,71;07.02.2023 23:00
638926;317186;153;91,62;11,2;3,86;142,65;2223;86;19.05.2021 08:36
4514;509566;25;74,44;11,71;3,88;238,9;2678;52,3;08.11.2025 16:21
321878;642196;150;78,72;9,8;2,73;201,3;2408;45,5;02.09.2022 10:19
992032;318338;217;67,98;11,37;4,5;193,54;2460;58,13;23.11.2025 16:06
1020449;180062;283;54,35;11,23;3,23;196,92;2240;39,9;04.02.2024 05:32
140698;97679;5;75,49;12,09;7,88;182,34;2429;94,27;27.02.2023 13:49
703065;112199;232;63,68;11,16;3,66;138,64;2161;44,14;15.09.2021 16:18
203574;112620;29;64,71;11,52;5,16;203,75;2788;62,01;16.09.2024 20:21
500715;674071;196;71,78;12,22;3,24;250,6;2778;50,46;18.02.2023 18:37
59605;664096;223;100,43;11,81;6,66;173,6;2502;94,33;28.08.2023 01:11
771090;648680;252;83,48;11,38;4,63;241,3;3164;64,34;09.11.2023 00:04
770528;772178;239;70,94;11,01;5,23;180,28;2403;65,24;27.02.2023 23:04
937452;117742;100;92,2;11,49;4,94;218,62;2378;87,94;22.09.2020 00:19
499696;89306;87;66,94;11,01;5,22;177,76;2377;60,8;02.10.2020 00:15
680416;293081;52;51,25;10,82;1,63;156,75;2295;24,21;13.03.2023 20:44
599851;583406;124;96,99;12,4;9,13;161,86;2296;127,97;12.08.2023 19:11
550855;205275;101;105,28;12,26;4,73;189,61;2510;84,61;07.03.2022 10:36
1003210;351493;62;75,82;10,96;3,58;240,12;2855;48,75;14.01.2023 05:12
658390;164035;191;83,45;12,63;11,22;119,18;2269;122,76;23.09.2025 15:36
537420;745711;44;53,79;11,19;2,37;137,75;2174;33,68;24.05.2021 17:41
1030301;162153;154;84,34;10,9;3,26;174,66;2356;47,18;09.08.2021 08:25
349759;670967;31;73,71;11,5;3,78;281,1;3015;49,04;17.07.2022 16:58
771520;305082;141;53,07;10,5;1,7;146,14;1980;28,14;28.08.2024 07:58
852866;7448;106;82,34;11,42;4,61;139,72;2461;71,57;01.09.2020 11:44
814993;388649;178;67,12;10,94;2,93;255,49;2481;47,13;15.03.2020 16:58
554162;395588;134;91,5;10,28;4,34;149,1;2104;64,36;12.03.2024 07:09
7330;35526;205;77,29;11,17;5,77;221,66;2845;67,96;22.05.2023 22:27
398735;448906;33;87,23;13,02;8,62;212,72;2527;103,64;06.12.2022 07:34
566900;261171;279;69,15;11,69;4,33;259,86;2699;54,61;14.05.2021 07:18
896171;1250;282;63,2;10,88;3,7;220,91;2530;47,87;03.01.2020 02:45
64343;69142;118;109,69;11,48;7,3;211,31;2821;100,38;21.08.2021 13:03
671651;98254;249;60,16;10,68;2,51;173,5;2298;35,6;15.06.2025 20:54
167200;506790;86;62,9;11,45;4,97;152,76;2192;61,92;08.05.2023 07:25
352883;634343;4;64,94;11,38;4,71;160,92;2300;56,25;18.06.2020 22:03
577156;438972;115;73,21;10,87;3,54;164,98;2344;49,59;04.12.2021 23:11
980718;131060;95;46,73;10,73;2,3;313,2;2900;29,29;09.06.2023 13:12
181213;94468;141;53,97;10,91;2,34;292,29;3037;32,66;23.01.2022 18:14
239375;521948;89;60,1;10,4;2,01;151,9;2416;31,6;25.07.2024 06:34
255430;410763;8;63,13;11,01;3,67;331,57;3288;42,86;20.10.2025 22:25
8602;385008;55;63,86;11,27;3,01;177,68;2238;42,95;21.04.2024 06:47
829393;355856;116;57,38;10,19;2,54;157,25;2394;34,49;28.05.2020 20:22
539460;466494;209;91,28;12,32;7,38;221,86;2413;97,14;05.08.2023 19:31
611746;219406;42;64,6;11,28;3,45;169,68;2247;42,53;03.07.2021 20:11
872042;153406;121;50,97;10,65;2,07;140,66;2013;29,3;14.03.2025 00:05
727933;761505;250;56,47;9,48;1,9;255,48;2863;27,22;13.01.2020 10:06
835503;271589;207;91,43;10,85;3,71;146,43;2265;77,26;06.05.2023 17:27
386500;187271;17;63,25;11,25;4,01;234,61;3042;47,18;31.01.2021 01:43
945483;364170;240;87,6;11,91;6,17;191,78;2377;87,25;07.01.2024 03:02
174074;332617;13;59,83;9,83;2,25;202,05;2742;33,63;12.06.2021 15:04
924843;356510;200;51,68;11,13;2,3;299,63;3088;30,72;29.11.2021 02:52
1008293;477296;40;60,41;11,2;3,69;195,66;2500;47,46;31.08.2022 02:52
650891;741117;198;54,99;10,19;2,03;219,35;2759;28,87;18.09.2020 19:46
131821;360744;235;101,77;12,78;6,86;143,15;2190;101,61;13.09.2020 09:23
13244;194895;40;65,65;9,84;3,36;171,21;2255;49,88;04.04.2024 12:31
411172;739442;87;74,84;11,49;3,84;278,46;2982;57,19;29.12.2024 22:42
305995;586667;186;70,15;10,73;3,01;166,19;2781;44,69;26.05.2024 19:22
154029;570185;171;70,42;10,52;2,47;226,88;2642;41,12;29.02.2020 15:29
198571;349805;182;94,67;11,82;6,29;186,28;2363;97,49;10.11.2022 18:27
867508;767144;235;98,11;12,06;7,61;194,15;2454;116,98;30.12.2022 13:40
938734;449419;172;73,86;12,58;9,9;161,12;2372;119,39;17.12.2025 11:52
922944;448112;154;73,14;11,39;3,42;233,65;2827;47,76;17.03.2020 14:08
691403;197268;224;86,66;10,62;2,85;159,37;2088;51,62;08.12.2022 08:41
197093;160744;1;59,07;11,25;3,71;181,68;2410;45,34;05.11.2020 08:45
654823;587721;256;80,38;10,59;3,55;114,49;2142;52,45;28.03.2020 03:32
48912;20955;78;91,94;10,9;3,8;183,17;2532;61;08.09.2021 20:23
182003;670267;296;76,77;11,32;3,59;149,79;2237;49,14;26.04.2020 11:59
160019;18215;36;51,38;10,56;2,1;260,26;2802;27,42;28.04.2024 17:00
56688;47324;12;57,07;11,03;2,4;281,49;3031;32,26;09.03.2025 19:21
1043330;118484;178;70,93;9,69;2,39;197,36;2882;41,36;29.03.2021 05:07
805616;13012;244;74,04;10,55;3,22;271,11;2953;50,8;14.08.2025 12:22
16312;597641;98;66,48;11,4;4,2;146,09;2287;50,13;26.11.2021 11:59
591953;312937;140;51,9;10,51;1,52;206,32;2739;24,82;16.06.2022 17:19
706944;240459;98;73,73;10,66;3,47;256,88;3162;45,69;07.06.2021 07:19
16937;533105;292;113,63;11,33;6,62;148,54;1960;99,92;10.01.2024 00:42
171060;23861;173;56,64;10,61;2,03;239,14;2951;33,09;28.04.2021 05:13
101622;237647;189;81,32;10,65;3,4;153,44;2256;47,86;25.07.2025 16:59
466993;489581;109;91,35;11,45;7,09;227,38;3040;86,83;08.06.2024 09:23
523063;159142;260;117,95;12,39;7,58;213,61;2817;116,22;11.02.2021 15:15
606215;731244;49;82,35;11,96;2,98;176,36;2581;47,78;07.06.2023 09:21
234664;457451;286;87,45;11,44;6,42;133,72;2248;82,27;14.03.2024 02:16
449908;734459;281;55,59;10,48;1,27;242,39;2430;23,26;06.11.2024 05:12
611709;269282;159;103,94;12,22;7,88;186,44;2896;112,34;08.09.2023 06:17
489769;763040;136;60,33;11,06;3,52;278,85;3036;46,74;28.11.2020 09:12
671936;182693;62;89,52;11,19;5,37;169,64;2327;68,29;26.11.2023 14:29
233064;170386;269;68,23;11,89;2,8;163,62;2276;42,81;16.06.2025 14:43
154773;375002;142;83,4;11,02;2,57;169,95;2341;39,48;30.05.2021 09:33
861559;462855;290;77,36;10,5;5,61;172,18;2575;70,03;12.10.2022 08:56
803398;708173;136;64,52;11,07;3,56;125,07;2181;50,16;28.05.2021 09:45
208691;696745;286;97,15;12,92;9,62;275,12;2792;135,24;21.11.2020 00:56
598076;165726;172;97,27;13,48;6,45;221,34;2780;106,43;14.05.2023 16:16
468351;482389;43;73,87;11,54;4,75;143,26;2058;66,65;27.01.2022 10:16
671782;390843;179;59,99;10,5;2,75;187,82;2399;35,52;18.06.2023 05:41
463;704108;110;95,85;11,92;5,96;165,6;2508;85,97;19.08.2022 21:55
925536;384320;11;100,56;12,95;9,52;188,1;2118;120,96;16.01.2025 15:49
1037506;465913;72;90,09;12,88;7,85;188,67;2549;118,56;16.06.2025 04:22
893026;225036;156;89,4;11,71;6,36;284,45;3019;87,7;15.07.2021 11:46
797877;754281;254;79,21;11,54;2,7;237,83;2850;47,73;13.12.2023 22:33
128187;773304;207;90,05;11,95;9,12;194,03;2475;116,35;15.04.2021 01:37
410301;351531;11;97,54;11,5;5,24;131,09;2115;84,98;25.10.2022 20:50
338949;78523;47;77,69;10,14;2,88;165,41;2365;46,5;16.01.2023 19:24
226652;707697;272;52,55;10,74;1,57;227,13;3206;23,72;11.06.2020 15:08
838633;667313;117;45,37;10,57;2,5;125,21;2279;30,89;12.05.2022 03:16
304332;672783;91;62,54;11,74;8,32;199,17;2863;107,33;27.12.2021 02:18
746900;493294;246;60,67;9,23;2,11;228,99;2538;32,85;24.01.2024 01:33
835195;686445;135;47,48;11,11;2,89;333,64;2970;34,41;06.04.2021 21:19
539967;344560;27;106,24;11,54;5,89;150,21;2059;96,64;17.10.2025 01:37
435674;167195;268;82,11;10,8;2,78;144,51;2064;46,26;25.04.2023 14:50
594195;707394;126;65,92;10,61;2,67;333,39;3031;46,19;28.10.2022 11:05
892994;296389;144;68,93;11,5;3,8;196,93;2693;48,41;14.08.2025 09:44
686108;405265;143;74,6;11,77;3,78;278,74;2799;52,07;12.09.2020 03:16
321976;723403;203;82,93;12,36;7,5;156,96;2229;89,13;08.08.2024 17:32
809632;511473;254;75,65;11,24;4,03;225,78;2611;51,98;11.02.2025 17:33
520835;640177;158;60,09;10,35;1,92;258,98;2648;29,59;18.07.2023 07:54
412272;388638;290;83,06;10,95;4,11;153,9;2356;61,26;17.02.2022 00:06
47721;134178;149;108,77;12,8;10,51;171,9;2535;132,04;15.08.2020 06:29
748703;627126;252;80,87;11,09;4,26;221,21;2564;59,99;29.08.2022 03:30
1032609;199465;80;101,01;12,07;6,47;178,76;2291;91,25;08.09.2021 07:26
355059;692143;138;81,23;11,36;3,62;214,52;2632;55,5;19.07.2020 02:49
84253;709324;61;67,84;11,98;3;249,46;2822;46,93;06.09.2021 05:30
363027;81770;66;88,52;10,99;3,51;239,6;3200;50,36;14.03.2021 20:11
619005;147989;10;81,79;10,15;1,46;241,75;2685;33,86;05.04.2020 15:45
122321;792693;207;92,11;12,03;9,21;161,42;2107;124,94;15.03.2021 09:47
469443;695058;266;81,23;11,72;5,02;185,45;2328;64,12;03.10.2022 03:47
399722;261332;232;77,48;11,24;4,82;284,46;2981;65,61;28.11.2020 13:23
272304;16079;133;88,71;11,82;5,54;221,36;2885;74,11;30.05.2024 23:23
135534;549010;106;91,73;12,41;7,81;265,03;2703;111,92;07.01.2025 12:32
863608;437755;95;59,33;10,74;2,43;150,01;2510;34,79;01.11.2022 20:11
242789;307094;180;99,07;11,73;6,11;192,04;2291;85,52;16.07.2023 19:35
832555;234775;85;87,98;10,8;5,17;210,13;2542;63,41;28.01.2025 17:55
883306;233070;198;55,11;10,63;2,54;134,8;1943;33,99;29.12.2022 06:26
427546;206277;140;56,98;10,56;2,71;301,9;2720;33,74;28.03.2021 01:04
679237;43344;194;65,54;11,33;5,02;288,22;2927;58,59;01.09.2020 11:31
619786;263784;278;69,24;10,73;2,38;137,07;2484;42,34;15.01.2025 18:37
1041122;401082;98;70,01;11,15;4,04;256,93;2733;55,36;05.04.2025 01:09
755702;329451;291;91,62;10,56;3,34;142,08;1909;79,38;27.06.2020 06:20
35740;691058;278;65,1;11,15;4,26;145,53;2146;54,09;28.01.2022 04:02
732165;545252;98;75,35;10,82;3,42;252,59;2734;47;31.03.2024 13:48
1020493;178778;37;70,41;11,36;3,22;194,81;2225;51,58;23.03.2020 01:19
1040473;713914;102;78,1;11,68;4,2;170,42;2267;53,47;06.05.2024 08:03
276453;111949;12;53,51;11,26;2,91;178,08;2302;37,71;17.06.2025 02:32
718680;303851;76;61,85;10,57;3,3;235,26;2900;44,34;30.07.2020 00:12
345228;769270;184;53,85;10,15;2,25;217,69;2667;29,39;09.08.2025 20:27
241094;244930;157;76,07;11,74;4,15;212,31;2520;53,24;03.11.2022 14:05
215933;506964;254;72,86;12,11;4,4;144,92;2173;53,79;28.11.2021 01:02
1029440;290048;215;82,18;10,84;3,95;271,03;2883;56,95;24.09.2022 22:33
452314;382516;102;69,64;11,26;4,06;153,48;2206;56,93;12.04.2021 01:22
267027;503780;246;53,57;9,43;1,15;141,43;2199;22,13;14.02.2022 21:40
277277;258532;52;59,45;9,86;1,63;214,2;2635;27,81;11.11.2024 01:37
216553;411456;43;79,86;13,37;6,54;244,35;2563;87,06;12.10.2020 16:08
711158;798940;156;86,47;11,98;7,87;146,65;2341;92,85;20.01.2023 10:52
443273;458514;288;75,74;11,1;5,08;211,1;2474;61,02;31.05.2021 02:50
72512;633442;204;49,35;10,94;1,95;206,04;2474;26,23;26.04.2020 16:01
665681;150079;299;80,6;11,74;6,87;285,68;2811;80,91;25.01.2022 00:36
662740;607552;77;51,4;10,7;1,74;175,28;2703;24,62;31.12.2024 14:42
347230;248475;70;57,53;9,95;2,37;258,62;2934;34,45;21.04.2022 21:57
954184;168788;268;71,69;10,11;2,76;208,33;2783;43;17.05.2024 07:36
694294;674182;250;66,91;10,8;1,97;124,12;2107;32,35;27.12.2020 16:04
736033;338178;32;106,27;11,57;6,28;209,74;2370;86,92;29.09.2021 15:30
1046985;152335;206;95,05;12,06;7,28;160;2234;96,01;22.04.2021 22:04
351506;375376;83;89,58;11,42;4,56;173,12;2523;57,63;19.09.2023 22:24
426707;721528;264;71,28;11,32;4;141,92;2009;49,55;27.01.2020 04:04
107723;545288;217;87,27;9,9;1,97;261,94;3266;35,33;30.07.2020 07:04
698233;180819;215;74,09;10,98;3,62;208,53;2562;52,26;23.07.2023 12:53
393593;36487;159;105,52;11,44;6,84;185,9;2542;91,84;03.12.2023 16:56
232832;98890;238;101,4;11,61;7,81;217,58;2456;101,63;13.05.2024 08:28
846302;443174;24;69,36;10,85;4,85;172,45;2139;60,42;23.10.2021 04:13
377471;435604;84;82,67;12,38;9,57;236,81;2471;126,79;16.12.2025 07:42
79368;571867;122;59,63;9,82;2,27;256,29;2892;31,12;02.12.2024 17:18
336787;42503;14;85,66;13,04;5,76;154,52;2328;79,4;15.04.2023 15:05
800361;141940;259;63,61;10,52;3,88;275,15;3127;53,98;29.06.2021 08:38
59892;685921;86;50,3;11,06;3,72;281,9;2540;44,6;17.06.2020 11:42
1043821;319594;111;59,07;11,61;3,4;222,23;2405;44,41;28.05.2024 06:37
571981;58649;13;61,02;10,72;1,86;148,46;2311;28,8;29.10.2024 15:17
280555;108155;123;80,28;10,76;4,3;133,77;2057;60,94;19.04.2021 04:14
100292;647649;280;70,43;10,62;2,21;186,69;2527;32,69;07.02.2021 10:40
203843;700167;71;57,81;11,49;2,82;198,08;2430;34,36;06.07.2025 17:11
695431;25181;296;56,46;10,99;4,57;231,56;2707;55,35;23.05.2022 06:54
478736;137305;1;86,85;11,12;3,94;155,58;2118;59,4;25.06.2025 11:18
145909;355670;28;68,48;11,19;5,11;122,29;2262;57,19;21.06.2022 19:16
644397;424162;231;50,94;10,46;1,18;216,95;2772;22,26;18.02.2020 17:09
900580;289616;213;74,79;11,73;4,95;111,41;2096;63,03;30.10.2023 20:50
459852;124124;144;82,97;11,37;3,94;170,87;2226;57,06;01.04.2020 17:33
947998;494315;148;67,93;11,02;3,51;204,88;2060;45,39;07.04.2025 01:46
508182;643938;268;69,66;10,29;3,68;162,34;2106;45,85;10.05.2023 19:52
840354;419795;100;92,3;10,78;4,93;213,99;2780;84,45;16.12.2021 03:19
337778;110051;26;56,6;10,02;2,14;302,42;2825;32,11;03.12.2025 23:59
117376;657450;187;55,97;10,2;3,24;288,33;3035;39,45;23.02.2023 19:56
268345;733561;9;63,18;11,59;5,23;176,49;2344;58,44;01.02.2025 10:43
292468;514172;60;71,71;10,49;3,26;154,06;1956;44,55;30.11.2020 11:19
761155;546704;84;95,44;11,6;5,53;191,99;2785;83,56;26.11.2023 20:26
962064;369414;90;70,85;10,71;3,68;226,98;2794;52,23;22.01.2025 18:46
469238;717762;106;103,27;12,72;7,87;138,35;2078;121,75;17.11.2022 08:34
337764;569258;49;63,9;11,45;4,53;137,51;1989;53,05;02.06.2025 00:43
251498;725061;28;80,38;11,75;4,01;145,77;2131;57,41;11.08.2023 01:54
23194;143500;212;69,28;11,69;5,09;135,83;2135;57,59;01.08.2020 02:50
729297;8157;141;51,67;10,17;1,81;171,19;2349;25,05;10.09.2024 10:07
492125;486697;114;52,99;10,16;2,78;256,89;2820;35,78;26.10.2022 07:49
486184;349576;257;52,45;10,46;1,54;164,65;2389;25,55;29.07.2025 13:35
301733;711653;286;89,68;11,85;5,99;183,97;2407;88,49;11.08.2024 04:33
696750;799700;100;108,45;11,8;8,04;214,27;2777;106,68;26.08.2025 03:51
543488;439267;86;73,39;11,26;4,92;159,22;2525;61,34;08.03.2022 02:17
798777;571096;208;60,81;11,52;4,4;230,75;2781;54,89;05.07.2022 22:29
755872;438038;86;76,28;11,58;3,61;177,74;2556;50,7;21.03.2020 18:35
306886;279626;10;73,29;11,61;4,88;248,61;2796;62,21;11.02.2024 19:43
765544;58619;219;70,53;10,69;1,73;136,41;2148;33,79;02.10.2023 06:53
452937;684919;256;64,39;10,98;4,13;246,78;2590;53,14;12.04.2021 23:10
959214;337467;23;72,95;11,11;3,9;130,17;1985;48,38;17.05.2022 11:25
980902;606205;82;80,13;10,87;3,75;282,96;3115;56,64;16.10.2020 22:18
1040620;16577;191;113,87;12,15;7,97;170,01;2342;115,42;25.06.2025 10:31
424028;663748;24;68,55;11,15;3,98;162,05;2432;55,08;22.05.2025 09:29
113963;54501;157;65,41;11,6;4,23;207,97;2625;50,4;24.12.2021 00:05
824167;756670;140;62,73;11,49;2,42;198,35;2288;33,75;30.11.2023 01:16
536798;794516;3;84,54;10,81;1,57;242,6;3242;32,41;06.02.2021 07:34
183292;219702;156;99,58;11,98;6,85;149,97;2333;101,41;20.09.2025 05:23
175783;229855;73;92,81;11,22;6,28;183,5;2786;81,92;18.02.2023 05:18
523042;414891;81;51,81;10,33;1,89;150,33;1923;25,92;07.10.2024 00:30
309967;170621;67;86,98;12,68;7,74;130,85;1955;112,53;24.11.2023 07:55
72643;225135;89;49,85;11,02;2,99;204,07;2892;35,46;10.01.2023 05:20
923065;510417;89;54,97;10,27;1,97;192,47;2472;27,58;19.12.2021 00:09
1030008;719734;295;88,57;10,88;4,13;162,34;2391;82,8;06.02.2022 00:54
174073;694694;247;71,39;10,98;3,57;298,81;3004;54,02;01.10.2020 12:23
743925;54162;147;59,99;11,22;4,14;148,07;2219;55,18;12.03.2025 07:06
108806;544642;79;87,4;11,19;4,08;220,43;2620;55,89;05.03.2025 07:19
754369;69603;242;56,14;11,72;2,74;186,34;2245;36,81;23.08.2020 17:06
509024;76858;135;56,04;11,3;2,26;158,68;2631;30,68;03.05.2021 20:56
856367;569898;147;77,41;11,1;4,17;188,98;2407;58,09;11.05.2025 10:50
693110;384530;63;63,68;10,2;1,17;247,43;2619;23,9;03.11.2022 20:05
222097;601729;49;71,68;11,14;4,58;124,62;2006;58,07;18.01.2021 06:10
532119;260302;92;69,23;11,88;5,94;176,39;2375;63,4;27.02.2020 09:31
512256;23331;46;77,9;11,5;5;252,94;2841;63,94;27.03.2024 09:16
74597;418813;279;81,72;10,48;3,13;211,81;2718;46,88;11.10.2025 19:12
615106;126854;1;79,77;11,34;2,81;223,67;3178;49;06.05.2022 01:47
961526;187008;230;73,89;11,96;4,01;154,19;2157;49,8;17.11.2023 16:37
64625;193612;31;89,33;11,23;4,76;154,78;2184;63,86;10.04.2022 02:55
3015;670439;98;72,03;11,59;3,82;150,76;2414;53,58;24.12.2023 16:37
709858;302772;234;71,35;10,69;5,45;224,34;2850;68,63;04.11.2024 09:03
931232;102171;41;81,27;11,4;6,87;167,37;2115;98,39;06.01.2021 07:20
593334;259716;49;68,01;11,79;3,54;184,74;2342;53,22;15.07.2021 05:15
695422;440062;177;69,11;11,58;3,27;277,4;3136;46,13;22.12.2023 16:41
412806;517318;108;56,02;10,77;3,01;280,5;3294;37,14;21.07.2025 19:31
514002;689962;232;62,59;11,57;3,74;162,01;2473;54,14;27.01.2025 04:53
826680;48900;97;70,13;12,08;4,65;217,21;2441;63,19;02.05.2021 23:39
71053;616202;205;68,9;10,91;2,6;236,54;2889;43,29;27.06.2021 13:33
569095;14309;280;49,04;10;2,94;227,71;2490;33,55;03.08.2022 03:23
806575;451523;95;48,06;11,18;2,6;195,64;2383;32,64;12.10.2020 07:45
489975;574130;40;65,21;11,44;4,64;287,22;2917;58,88;03.10.2021 20:22
118290;45787;230;72,01;11,68;4,4;182,44;2434;59,91;14.10.2025 08:22
55041;499558;33;101,29;11,82;6,07;180,62;2222;86,08;21.01.2021 18:22
350851;39689;200;52,44;11,11;2,17;137,87;2159;30,71;29.06.2023 12:05
764024;466645;46;59,88;10,9;3,29;124,62;2207;40,71;01.04.2020 17:22
869317;314812;215;64,64;11,43;4,78;169,12;2485;55;18.07.2023 10:00
161544;339769;11;105,63;10,2;2,09;186,79;2247;58,02;19.02.2021 02:05
470695;606305;52;50,91;10,59;2,5;211,26;2416;30,52;14.06.2024 16:05
661355;219845;138;66,83;10,95;2,21;157,99;2472;37,76;10.03.2022 01:00
636017;786576;234;74,02;10,64;4,28;160,98;2556;57,09;15.10.2021 12:03
810567;705133;220;52,69;11,11;3,5;234,37;2621;40,53;10.12.2024 05:33
729456;415205;78;78,83;12,75;8,09;157,28;2535;112,18;09.08.2020 05:48
730867;781648;100;91,47;12,42;6,04;188,18;2435;89,78;19.09.2022 02:07
714879;169284;178;81,67;11,3;3,6;213,29;2922;51,91;15.08.2023 20:59
746745;551811;81;51,98;10,52;2,29;160;2394;29,66;10.04.2020 04:52
733240;661930;4;72,1;11,48;5,06;227,63;2754;64,3;19.10.2021 17:25
609578;551433;63;52,11;10,68;1,69;149,1;2499;24,16;02.07.2025 23:21
304693;244639;293;62,13;10,63;2,15;152,93;2059;30,65;21.05.2020 20:12
291400;684554;108;52,49;11,24;2,32;153,02;2038;31,67;21.12.2025 06:46
947893;527323;166;60,47;10,72;1,95;158,96;2543;31,43;11.01.2021 06:25
630642;585042;233;75,06;11,03;3,92;174,35;2065;56,73;16.07.2020 04:12
382247;560616;274;59,56;10,52;2,42;354,36;3151;34;11.06.2025 02:47
796948;149812;36;56,76;9,95;1,72;247,9;2831;27;03.07.2021 16:41
1025335;110948;262;55,25;10,54;2,04;159,04;2216;28,24;15.02.2025 14:36
965285;628095;260;81,7;11,87;7,19;209,96;2701;89,04;24.03.2023 05:58
822614;630262;245;84,1;11,3;7,4;144,06;2341;111,78;26.07.2021 16:37
577288;280119;253;45,46;10,59;2,32;147,49;2314;27,65;20.09.2021 04:12
402971;799325;211;80,5;11,45;3,79;204,34;2256;56,72;14.02.2022 07:14
964202;645736;282;80,47;10,29;4,3;187,29;2086;52,6;08.08.2024 06:26
70483;217600;243;47,06;11,2;1,66;144,01;2037;23,53;23.09.2024 12:27
473926;516780;283;79,61;10,54;3,35;251,59;2719;53,3;17.05.2024 10:03
432793;746951;120;76,57;10,34;4,37;210,98;3001;59,29;16.04.2024 05:50
286533;37834;116;56,24;10,88;2,76;285,89;2855;36,82;27.04.2024 11:44
389833;81778;244;59,45;11,71;7,03;219,79;2822;79,36;08.06.2021 09:09
605087;349982;157;79,16;11,14;4,86;266,09;3122;64,02;10.08.2023 17:14
1000678;475094;10;76,19;11,7;4,87;171,95;1959;59,13;17.04.2020 02:16
587387;336468;167;83,19;10,11;2,59;200,92;2718;44,59;06.12.2023 07:32
397649;527544;105;50,58;10,05;3,18;164,82;2198;39,14;23.06.2021 16:41
614587;634079;112;77,34;11,54;10,01;178,09;2229;118,54;28.03.2023 09:38
58314;715567;291;103,63;12,56;7,7;161,53;2486;109,48;10.06.2024 05:23
876747;641894;79;57,5;9,62;2,07;248,71;2771;33,27;01.02.2021 22:04
547329;553932;5;105,75;11,92;6,1;154,13;2200;84,95;16.06.2021 20:32
859541;723953;236;79,29;10,77;3,76;242,79;2859;50,21;04.06.2020 06:52
154754;663446;142;62,17;11,1;3,36;281,46;2850;41,99;15.07.2023 00:33
603031;775278;133;109,87;11,68;5,28;150;2345;93,23;02.11.2021 05:15
813923;148056;20;68,77;10,82;4,33;153,64;2440;54,74;10.10.2024 17:21
682401;679691;103;57,96;10,72;3,24;162,98;2279;43,59;26.11.2020 08:45
842170;725832;15;99,99;12,14;4,88;172,3;2184;90,79;25.05.2024 17:54
17698;604580;243;57,79;11,63;2,03;152,93;2468;30,47;23.02.2022 01:23
409646;411586;156;83,02;12,8;8,7;137,31;2241;126,18;31.05.2022 01:39
958159;211272;87;67,65;10,98;3,1;157,38;2570;48,89;07.11.2020 21:20
805850;574261;254;71,33;11,61;4,53;177,79;2347;56,73;05.08.2020 13:46
638994;67325;236;65,63;11,74;5,81;219,82;2790;62,27;27.08.2023 17:02
202121;384709;250;54,98;10,32;1,77;153,48;1997;25,41;22.09.2023 06:42
191133;75038;248;53,37;10,84;2,52;304,87;3545;32;24.08.2024 03:42
658634;642882;63;55,12;10,4;2,42;185,56;2186;32,56;30.08.2022 22:28
151662;703900;77;58,74;11,14;1,47;199,28;2486;26,79;28.08.2023 07:11
932769;766103;286;81,44;12,88;7,71;259,7;2846;91,43;04.06.2024 08:57
954906;113365;172;85,62;11,35;2,2;217,58;2526;72,19;22.05.2024 18:23
525238;286916;292;96,44;12,33;8,66;131,39;2288;110,39;29.09.2023 10:07
43554;793430;233;76,78;11,38;4,4;190,79;2740;57,91;17.02.2022 23:01
923739;711129;250;56;9,79;1,69;203,74;2321;26,39;14.04.2022 07:20
682751;514726;121;52,95;10,06;1,95;254,91;3165;27,43;03.09.2025 19:29
591342;358815;140;55,55;10,57;2,07;253,06;3191;30,92;20.10.2023 16:44
204653;241618;187;47,54;10,92;3,23;364,2;3586;38,09;16.01.2025 09:30
71682;481677;288;76,02;10,89;4,22;203,41;2447;57,12;10.01.2021 17:30
270496;181880;43;85,49;12,05;8,26;132,34;1982;99,32;20.09.2025 07:39
309689;698983;75;65,7;11,57;4,73;212;2789;58,13;06.07.2023 11:54
627584;113445;40;80,33;10,79;3,31;279,98;3013;54,37;17.05.2022 08:02
371097;131247;198;57,98;10,45;2,66;336,97;3105;34,85;27.07.2022 21:56
794142;671223;59;95,82;11,42;3,38;147,33;2287;74,75;11.01.2024 20:05
587583;142281;27;85,13;11,92;7,53;169,25;2204;93,89;31.01.2024 22:49
69745;745420;13;56,45;10,59;1,99;270,39;2974;30,97;10.02.2025 00:42
108605;327611;65;64,77;10,35;2,79;174,84;2376;38,78;21.02.2022 06:11
643721;451051;194;64,7;10,9;4,57;217,28;2754;52,61;23.12.2024 11:34
211294;581003;254;69,64;10,3;2,7;205,49;2676;40,45;28.05.2021 16:46
513079;223334;214;99,86;11,34;7,96;202,52;2779;111,61;13.03.2024 05:21
843956;63213;243;53,87;9,68;1,41;319,8;2977;25,39;22.02.2025 04:13
690981;134179;52;53,79;11,33;3,17;300,7;3083;36,12;21.08.2022 14:51
630475;91926;252;76,53;10,73;3,73;174,99;2336;52,05;27.09.2025 23:50
655652;775818;33;98,68;12,1;9,32;145,24;2051;131,61;13.11.2021 12:07
938474;679616;24;80,41;11,76;3,71;233,02;3121;54,94;09.08.2023 14:18
799106;244037;63;54,28;10,28;1,93;166,94;2322;27,36;12.03.2023 08:38
402652;150433;240;96,81;11,79;6,31;174,52;2427;88,15;04.03.2023 00:49
823987;675038;37;63,46;11,6;4,59;179,79;2628;52,43;23.07.2024 23:55
986917;708643;214;97,94;11,91;7,87;220,91;2705;114,15;08.06.2022 12:11
374168;515947;193;47,01;9,6;2,18;188,89;2529;30,28;04.10.2025 15:26
454025;193171;25;70,28;11,8;4,26;160,55;2179;50,63;10.09.2025 17:25
576851;480795;219;85,07;10,3;2,96;321,56;3022;44,32;19.06.2025 03:24
452256;1121;202;93,4;10;4,27;150,61;2041;83,79;02.04.2024 07:24
148898;731161;259;75,35;10,68;2,13;166,88;3066;40,86;23.12.2020 21:58
775567;380888;194;89,43;10,11;2,84;238,7;2574;46,39;08.11.2021 02:27
583691;73942;229;67,93;10,76;2,17;289,33;3056;34,83;18.09.2025 15:24
447908;639259;266;73,99;11,29;2,67;147,93;2419;41,08;17.01.2023 17:14
643496;15945;28;77,16;11,41;5,26;256,16;2791;65,07;06.07.2020 11:57
470193;199226;104;84,8;10,7;3,36;232,79;2873;53,55;23.04.2023 04:07
783482;130421;114;54,21;9,67;1,95;263,83;2801;29,42;14.06.2020 15:38
27898;333019;237;64,05;10,43;1,41;256,8;2706;30,23;15.06.2024 15:47
532844;595170;265;66,6;11,83;2,2;282,82;3098;32,48;27.02.2024 20:32
669057;412123;224;70,78;10,51;2,66;278,91;2655;40,71;21.12.2020 13:49
679337;277793;185;61,97;10,37;4,46;245,79;2662;56,33;23.05.2023 01:38
380206;42297;122;58,59;9,81;1,56;181,75;2230;28,13;13.09.2020 01:04
1035755;513005;40;77,87;11,56;3,51;259,92;2948;46,57;26.11.2025 08:18
946809;593005;109;90,35;11,52;5,43;125,62;2350;86,24;12.06.2020 21:21
688193;528171;94;78,16;12,36;4,48;292,39;2838;59,19;07.02.2022 11:05
962435;250603;91;86,84;11,91;5,57;216,58;2506;89,7;17.05.2020 05:25
859023;101615;145;69,8;10,15;3,31;201,87;2175;48,24;14.08.2023 08:16
981785;229300;61;82,95;11,08;2,98;194,68;2611;50,85;29.11.2021 02:27
451735;58242;168;94,35;11,88;5,19;207,42;2490;74,86;17.04.2024 00:55
16071;727334;234;89,24;10,59;3,2;209,8;2657;51,19;16.06.2025 05:40
472199;180020;141;54,52;10,65;1,52;172,83;2602;26,52;02.03.2022 20:40
108059;79900;205;61,59;11,39;5,02;150,27;2290;63,07;14.12.2021 01:39
212283;292330;69;86,99;12,35;6,06;191,9;2668;78,29;01.11.2020 06:15
243277;230952;179;51,77;10,4;2,5;164,96;2486;31;19.11.2024 23:46
175744;258869;286;83,1;12,93;9,25;151,1;2103;130,28;09.04.2021 07:24
449175;442811;274;64,5;9,48;1,34;235,64;2988;26,14;09.05.2022 13:33
956575;542285;20;69,4;11,35;5,56;268,71;2918;61,85;21.01.2023 08:44
189508;402983;175;80,07;10,65;3,59;293,07;3198;48,35;17.10.2020 19:51
79712;282513;125;95,76;11,86;6,34;183,37;2698;80,98;15.05.2023 17:52
97484;508622;84;102,36;12,39;6,46;217,33;2532;108,4;25.12.2021 22:18
991985;483332;180;113,4;11,96;5,69;170,19;2047;94,74;15.11.2023 06:14
472108;647599;243;58,39;10,06;2,64;238,21;2735;33,98;18.07.2025 13:09
934627;149984;76;78,35;10,8;4,08;241,99;3401;55,17;11.08.2025 07:32
963176;705864;136;73,67;10,94;2,9;253,21;3061;46,83;19.06.2021 14:42
764825;233966;226;117,52;12;7,06;142,9;2038;117,37;16.09.2021 21:00
560772;579835;38;65,38;11,67;7,72;172,86;2229;88,96;17.06.2023 13:56
417910;545124;50;78,31;12,46;6,92;221,45;2728;81,99;05.10.2021 17:30
726358;494561;159;114,72;11,67;4,54;202,54;2440;84,27;21.04.2021 04:40
770225;487305;15;98,43;12,83;10,62;135,12;2302;122,62;08.12.2024 22:03
557288;203666;2;45,73;9,5;2,33;142,88;2002;27,95;25.07.2020 06:58
401371;487757;90;73,53;11,15;4,97;195,26;2619;66,1;09.06.2022 07:11
673167;394320;128;53,79;10,44;3,25;127,55;2279;38;24.09.2020 02:20
928584;232381;273;66,74;11,11;1,72;304,68;3001;29,55;22.09.2023 19:21
2888;145017;278;59,49;12,07;6,37;191,85;2341;66,12;18.08.2023 04:36
443917;231871;195;79,36;10,9;3,75;174,12;2337;56,56;01.12.2024 20:00
273442;325242;149;103,12;12,74;7,12;149,71;2355;111,84;13.04.2025 19:42
131573;693499;251;65,01;12,27;5,36;216,6;2798;67,51;15.05.2024 05:21
850204;82402;157;66,45;11,1;4,16;174,87;2477;50,45;14.07.2020 22:24
445916;157530;124;88,86;11,35;5,67;167,22;2518;83,38;03.05.2025 09:58
730861;207478;250;56,64;11,09;2,64;154,62;2351;32,5;14.07.2024 11:24
820896;163385;212;81,27;10,45;3,52;169,56;2088;48,82;13.12.2022 00:05
993845;713186;161;70,63;10,93;2,82;253,8;2790;39,69;18.11.2020 15:35
19685;476828;95;52,18;10,88;3,32;141,85;2397;37,76;18.11.2022 20:59
731974;414592;41;102,9;12,38;8,56;253,44;2740;115,74;17.05.2022 07:36
869473;413006;20;72,21;9,93;3,32;246,78;2835;44,7;03.07.2020 13:54
680798;218206;267;75,98;10,51;2,61;177,44;2479;38,46;25.02.2025 22:20
804877;782163;188;85,33;11,08;5,32;177,12;2385;68,68;22.03.2021 00:23
405954;613778;80;92,22;12,55;9,65;160,44;2233;106,28;17.01.2025 16:10
516593;460558;103;79,31;11,29;4,07;191,52;2409;58,82;08.05.2024 03:14
357424;574639;191;101,56;12,44;4,72;205,13;2622;82,6;29.09.2024 15:09
171505;142957;129;80,68;12,09;6,17;173,11;2387;79,32;05.10.2022 18:50
301813;748641;277;52,73;10,72;2,66;169,21;2440;35,33;30.04.2024 08:16
887386;741103;44;66,81;10,62;1,9;248,9;2657;32,01;30.07.2022 07:28
596272;791140;74;57,76;10,94;2,27;190,68;2723;32,4;17.08.2025 11:10
234127;544771;80;92,33;12,15;7,61;139,47;1769;105,19;12.03.2020 12:00
714758;178121;69;102,71;12,63;6,04;174,29;1999;93,72;09.04.2021 16:41
848030;329469;86;80,62;11,02;3,96;186,87;2531;56,38;17.08.2023 06:10
774296;517730;281;59,89;10,78;1,49;196,89;2861;24,67;17.10.2021 03:46
607916;630684;198;49,92;9,91;2,18;228,13;2340;28,16;09.11.2024 20:32
392627;618993;4;67,45;11,83;4,48;152,49;2286;55,12;15.05.2024 18:12
493099;357467;136;86;11,45;4,71;245,21;2620;65,42;10.10.2025 08:31
264783;329827;187;47,66;10,76;2,21;198,32;2493;28,26;22.06.2023 16:56
632854;702887;30;88,6;10,97;5,19;213,36;2462;69,41;31.08.2020 20:55
549357;63936;110;85,37;12,33;6,71;213,25;2767;82,64;19.03.2025 15:20
973784;117958;114;55,29;10,26;2,74;290,89;3021;33,58;14.01.2021 05:17
824401;511604;245;77,63;12,4;8,76;173,31;2229;99,48;08.12.2023 15:25
100719;114655;87;59,92;11,7;3,49;160,64;2200;42,23;13.09.2025 06:28
178845;158844;140;58,11;10,27;2,37;239,91;2593;32,58;29.05.2021 10:16
729185;415834;37;78,8;11,8;6,12;164,31;2187;71,31;11.07.2023 18:53
766343;149610;289;75,77;10,98;3,63;183,19;2421;54,05;31.10.2020 01:20
396565;469514;256;69,1;11,53;3,74;254,91;2788;53,98;26.09.2020 20:19
985129;534655;169;99,12;12,24;6,1;125,01;2172;98,18;10.08.2021 10:33
295894;553999;128;51,54;9,86;2,6;222,6;2524;33,69;19.02.2020 08:34
915975;486461;70;55,99;10,76;2,82;185;2578;37,44;27.03.2023 02:10
702827;725794;46;76,61;12,51;4,82;266,48;3171;59,85;27.09.2024 07:48
332566;798272;9;83,92;11,24;4,3;226,23;2934;57,73;13.10.2021 20:58
254692;673873;116;68,21;11,62;2,55;181,14;2146;37,15;20.11.2024 05:59
846064;790468;117;61,19;12,02;2,68;207,91;2477;34,91;24.01.2024 06:20
255512;672225;107;85,22;10,5;4;259,84;2886;54,48;18.12.2020 22:44
340440;253741;107;72,14;11,37;4,92;289,61;2886;56,34;25.03.2024 02:44
652343;377698;53;55,94;11,34;2,62;156,64;2381;33,03;17.03.2023 05:40
569980;592426;86;70,35;12,61;5,75;288,16;2997;71,28;07.10.2020 14:43
745189;245720;56;52,83;11,03;3,27;328,04;3384;37,1;29.06.2020 03:52
462246;649364;297;52,5;10,14;2,89;166,09;2096;34,74;25.09.2023 13:12
760990;736151;63;54,91;10,73;2,05;242,33;3096;30,76;10.10.2021 09:50
