Wartung_ID;Maschinen_ID;Datum;Wartungsart;Kosten
39345;70;2025-09-24;Inspektion;18840,18
38890;225;2023-12-04;Praeventiv;10537,91
5736;134;2021-08-18;Inspektion;11665,59
46344;250;2023-03-14;Inspektion;24545,1
72950;86;2021-11-29;Notfall;1316,85
15591;253;2025-05-24;Inspektion;12432,68
11440;124;2023-07-14;Notfall;13979,16
66335;145;2020-06-01;Praeventiv;16871,01
64270;241;2023-11-18;Inspektion;11256,0
2669;265;2025-07-29;Inspektion;16993,63
62205;264;2023-04-30;Inspektion;514,62
53805;153;2021-01-19;Praeventiv;12532,23
67205;26;2022-07-07;Praeventiv;16071,21
14;150;2022-02-12;Praeventiv;23018,01
2643;210;2023-09-27;Reparatur;13941,02
47098;61;2021-07-26;Reparatur;1957,56
16115;188;2020-12-03;Reparatur;9619,17
15421;152;2020-09-20;Praeventiv;24662,2
10530;132;2024-04-18;Praeventiv;15566,51
61653;205;2022-12-15;Inspektion;19451,81
17311;2;2021-11-24;Notfall;19546,78
36877;80;2020-10-09;Notfall;8510,2
42679;282;2023-08-27;Inspektion;16689,72
1505;174;2023-01-17;Praeventiv;15704,07
51118;232;2022-05-06;Praeventiv;21006,15
3882;81;2024-10-15;Inspektion;15771,16
23228;157;2024-12-18;Notfall;20916,45
22894;98;2024-12-13;Praeventiv;5373,66
78899;56;2021-04-18;Inspektion;19843,31
77238;197;2025-11-11;Praeventiv;1472,23
73264;175;2025-07-04;Praeventiv;3179,73
27999;20;2024-01-06;Notfall;10191,14
59001;214;2024-01-28;Praeventiv;24593,59
49382;12;2022-05-08;Praeventiv;22688,0
53544;281;2023-03-05;Inspektion;5068,23
52759;83;2020-03-29;Inspektion;17989,92
20452;274;2020-03-03;Inspektion;2315,1
63067;210;2024-07-11;Inspektion;2868,27
61662;168;2023-12-28;Inspektion;2551,48
20400;145;2025-05-09;Notfall;22253,9
40463;131;2023-02-26;Reparatur;17099,72
65919;25;2024-01-11;Inspektion;23449,3
75981;61;2021-05-22;Inspektion;16569,93
77675;55;2023-11-14;Notfall;13792,56
28453;221;2024-03-05;Reparatur;5064,96
46;206;2022-11-28;Praeventiv;23091,1
9186;232;2021-08-29;Praeventiv;15991,15
48;50;2023-02-18;Inspektion;9843,57
32834;266;2023-08-11;Praeventiv;7856,53
33582;107;2021-06-08;Praeventiv;9098,58
39317;45;2021-08-10;Praeventiv;4961,28
71633;106;2020-04-15;Praeventiv;24602,12
48366;201;2021-10-27;Praeventiv;15127,51
32872;58;2022-03-30;Reparatur;9619,68
74110;300;2023-06-17;Praeventiv;12405,06
61532;53;2021-12-06;Praeventiv;1848,72
10423;30;2025-09-06;Inspektion;12673,36
30915;213;2021-06-18;Notfall;19821,27
77860;75;2022-02-03;Inspektion;7924,6
18358;10;2025-05-21;Inspektion;8588,48
23741;92;2024-11-27;Praeventiv;24324,71
45193;52;2022-11-29;Reparatur;18880,73
34145;58;2021-03-06;Praeventiv;21237,8
21806;115;2022-01-11;Praeventiv;10447,27
78801;183;2020-08-16;Praeventiv;11360,53
58751;118;2024-07-06;Inspektion;15196,53
68946;71;2022-09-09;Inspektion;11958,53
32783;245;2023-09-13;Praeventiv;9780,58
78772;80;2020-02-09;Inspektion;5934,93
4280;119;2022-10-18;Praeventiv;15122,45
34846;279;2025-05-18;Inspektion;2321,24
58111;34;2020-01-09;Reparatur;1776,13
4198;276;2024-03-24;Praeventiv;11686,82
32393;14;2021-09-22;Praeventiv;24237,56
74493;30;2021-11-21;Notfall;24841,41
29829;230;2024-06-11;Praeventiv;5524,53
78939;115;2020-07-07;Notfall;1520,25
3273;74;2024-12-28;Praeventiv;20718,1
18899;87;2023-05-29;Praeventiv;10053,82
72877;215;2024-07-21;Praeventiv;15292,82
43071;296;2023-05-06;Praeventiv;13139,21
53542;294;2024-01-24;Reparatur;21852,59
7207;274;2021-09-06;Praeventiv;13848,18
22109;46;2021-05-15;Praeventiv;4937,71
46495;152;2020-12-25;Notfall;24503,7
51320;67;2023-07-10;Praeventiv;17884,02
13299;99;2022-02-28;Notfall;23698,52
48040;193;2024-12-29;Praeventiv;12402,3
11142;53;2021-11-29;Inspektion;18437,95
54880;209;2025-04-03;Reparatur;23894,19
34465;28;2021-05-22;Notfall;15841,51
51354;238;2023-02-05;Praeventiv;11041,54
1248;142;2023-07-10;Inspektion;19165,53
14136;149;2024-07-05;Praeventiv;17530,02
65118;145;2024-09-24;Praeventiv;11982,88
8435;249;2025-10-23;Praeventiv;7816,69
54655;279;2020-02-29;Praeventiv;24348,19
18514;2;2021-02-27;Praeventiv;11218,34
42848;189;2023-05-06;Praeventiv;8588,08
50085;219;2021-03-17;Notfall;23785,09
72085;62;2025-11-27;Inspektion;5023,17
34349;23;2025-10-30;Praeventiv;6639,93
31592;29;2021-11-08;Praeventiv;8454,23
79222;214;2022-02-12;Praeventiv;19620,08
69409;177;2020-12-11;Reparatur;7542,44
42856;98;2021-02-22;Praeventiv;3302,3
22460;84;2021-11-11;Notfall;13384,58
51920;178;2025-10-20;Inspektion;14467,0
109;15;2025-07-28;Praeventiv;17150,47
76732;238;2022-11-14;Inspektion;20548,16
55841;133;2025-06-19;Inspektion;13590,94
42577;19;2022-03-28;Praeventiv;10699,18
5337;126;2023-04-03;Praeventiv;9663,76
60603;205;2025-09-10;Inspektion;9694,97
812;118;2024-08-11;Praeventiv;17555,1
74911;67;2020-08-21;Reparatur;10486,13
13245;53;2025-12-29;Inspektion;3766,27
57393;135;2025-05-18;Praeventiv;23553,09
58584;31;2022-07-28;Inspektion;19822,34
37880;149;2025-05-25;Praeventiv;22519,59
62967;131;2024-10-25;Praeventiv;17611,42
59255;88;2023-01-12;Inspektion;15473,18
58288;41;2025-12-22;Reparatur;8390,29
58088;94;2025-04-22;Praeventiv;6409,01
44369;219;2025-11-23;Inspektion;23628,48
29914;221;2023-10-24;Reparatur;20570,84
79093;210;2025-03-21;Reparatur;9375,79
74248;225;2021-03-21;Inspektion;4015,28
9245;257;2021-09-25;Inspektion;19169,68
46326;119;2024-08-14;Praeventiv;1098,88
38683;176;2020-12-16;Inspektion;2131,81
67099;163;2025-04-26;Praeventiv;14869,14
10905;235;2022-10-03;Reparatur;8100,67
71441;22;2025-11-02;Praeventiv;18408,63
56078;93;2025-01-15;Reparatur;24835,43
28845;273;2024-08-03;Notfall;23732,67
11799;142;2023-07-23;Praeventiv;24433,45
46314;262;2024-06-19;Inspektion;21061,35
51409;22;2025-03-25;Notfall;9588,87
69305;242;2023-11-10;Praeventiv;8183,56
49414;85;2021-09-30;Reparatur;23398,44
49209;167;2022-04-04;Notfall;13838,04
45995;130;2020-12-03;Reparatur;1813,97
54995;187;2020-07-01;Reparatur;5754,61
13369;259;2022-11-18;Reparatur;5826,12
60967;193;2025-06-11;Reparatur;13024,24
79492;188;2023-06-14;Inspektion;6842,98
62893;244;2021-03-03;Inspektion;11639,14
29010;198;2023-12-07;Inspektion;5544,73
49983;123;2021-04-28;Praeventiv;16692,63
29405;197;2020-12-06;Inspektion;13098,7
50410;256;2025-10-02;Praeventiv;23974,75
30865;111;2023-05-17;Praeventiv;8554,85
54191;57;2023-08-16;Praeventiv;16512,97
33230;45;2022-03-03;Praeventiv;19081,05
7548;295;2023-08-06;Reparatur;2316,45
13374;262;2022-02-10;Notfall;10054,05
21076;242;2024-01-28;Praeventiv;6192,71
22713;4;2021-01-29;Praeventiv;20699,59
59484;24;2023-01-06;Praeventiv;3457,93
32858;90;2025-09-16;Praeventiv;11162,06
61433;253;2020-01-27;Inspektion;8862,23
16790;152;2020-09-02;Praeventiv;13543,69
40150;232;2025-03-23;Praeventiv;7529,01
56799;238;2024-01-11;Praeventiv;6086,65
26252;237;2021-12-11;Inspektion;4705,58
31499;238;2022-05-28;Praeventiv;7534,09
36170;28;2022-03-04;Reparatur;15421,87
74284;125;2023-01-22;Reparatur;19653,55
55900;290;2022-09-06;Praeventiv;15918,13
79052;284;2023-05-28;Praeventiv;24982,11
55751;290;2020-04-06;Praeventiv;14859,96
21413;21;2025-04-07;Praeventiv;8902,75
43379;280;2020-09-10;Reparatur;5656,06
42490;9;2023-12-09;Reparatur;14896,58
50875;150;2021-05-03;Praeventiv;15455,0
24874;240;2020-04-10;Reparatur;10484,55
37797;105;2023-10-29;Praeventiv;8119,04
2634;67;2024-06-12;Praeventiv;9665,95
25836;96;2023-08-29;Inspektion;10787,58
25773;22;2023-06-18;Praeventiv;20594,18
74100;114;2025-03-26;Notfall;23004,97
37401;106;2020-09-07;Reparatur;21705,17
54589;117;2021-08-19;Reparatur;21115,79
32921;258;2022-02-25;Praeventiv;16012,44
14790;42;2025-09-17;Reparatur;6828,0
54763;126;2020-12-22;Reparatur;13713,06
46219;32;2020-02-15;Inspektion;8632,66
31760;31;2021-02-26;Inspektion;6291,02
63168;189;2023-02-11;Praeventiv;20637,85
69779;102;2021-11-23;Reparatur;18014,12
39263;298;2021-12-29;Inspektion;1127,97
15086;201;2020-07-21;Inspektion;4353,23
36226;297;2025-03-09;Praeventiv;21182,65
38936;109;2024-12-08;Notfall;11676,62
41850;33;2025-06-09;Praeventiv;3200,13
37186;294;2024-07-09;Inspektion;19255,38
7882;48;2025-02-28;Praeventiv;5941,92
33603;139;2023-04-20;Praeventiv;12517,65
67758;24;2021-08-27;Praeventiv;23184,09
30598;221;2023-08-03;Reparatur;8523,93
31702;121;2020-11-22;Inspektion;2572,24
73016;234;2024-04-01;Reparatur;17530,9
14672;262;2020-04-30;Praeventiv;6487,54
12554;193;2022-05-28;Notfall;16611,85
17000;139;2020-01-18;Praeventiv;13130,78
70608;79;2023-11-24;Notfall;14044,43
33732;105;2022-04-28;Reparatur;13482,22
45929;43;2022-09-28;Praeventiv;7944,68
75777;245;2022-07-21;Inspektion;23142,96
21047;279;2020-05-29;Reparatur;18228,74
64942;135;2025-07-30;Praeventiv;6228,21
33262;145;2025-07-31;Praeventiv;15522,91
27058;47;2023-06-30;Reparatur;2615,75
73922;149;2024-07-21;Reparatur;13022,53
9883;177;2024-03-01;Praeventiv;15026,56
69943;88;2022-11-16;Reparatur;15903,88
65936;257;2022-07-08;Praeventiv;16628,56
58994;262;2023-11-16;Praeventiv;24519,15
69971;201;2022-04-01;Praeventiv;24283,64
75743;123;2025-09-12;Praeventiv;6759,86
58601;100;2024-05-29;Praeventiv;5804,19
33248;54;2024-06-16;Praeventiv;5892,22
41555;91;2025-08-15;Praeventiv;8604,85
21693;62;2021-07-28;Praeventiv;2454,51
23188;165;2022-09-29;Inspektion;21527,33
71513;16;2024-06-23;Notfall;3558,7
13685;9;2023-10-29;Notfall;11801,05
30455;177;2020-12-18;Praeventiv;8322,48
30525;235;2023-12-12;Inspektion;10405,91
13701;29;2024-09-11;Praeventiv;21330,56
71611;117;2023-04-02;Praeventiv;3618,43
9593;239;2020-10-06;Reparatur;22369,41
11469;281;2024-01-29;Notfall;9222,59
235;254;2022-05-18;Praeventiv;3291,99
29866;258;2023-04-25;Praeventiv;20335,55
24021;12;2023-05-13;Inspektion;10260,14
43050;104;2021-02-08;Inspektion;20649,94
32088;205;2023-03-11;Inspektion;10424,21
24265;287;2022-04-29;Inspektion;24493,32
63674;206;2021-07-02;Inspektion;19051,41
36515;269;2025-01-25;Praeventiv;17915,04
38295;122;2021-01-06;Praeventiv;11681,47
47618;67;2022-08-18;Praeventiv;13854,99
64656;93;2025-03-05;Praeventiv;24508,97
62522;217;2024-11-05;Praeventiv;22285,8
48353;266;2021-11-17;Praeventiv;9623,1
30089;44;2022-10-19;Praeventiv;15564,91
12598;59;2021-12-22;Notfall;22401,88
20163;241;2020-05-24;Notfall;19296,59
28283;93;2023-08-13;Inspektion;1912,93
10053;181;2024-06-14;Reparatur;11704,13
65703;7;2025-10-11;Reparatur;5857,15
55679;14;2022-05-04;Praeventiv;4636,43
75433;21;2022-04-15;Inspektion;5483,49
78280;241;2025-07-28;Praeventiv;10819,58
70419;109;2020-12-05;Inspektion;19230,58
79328;42;2025-06-11;Reparatur;18403,55
19668;111;2021-11-22;Inspektion;24272,87
23349;159;2021-05-01;Praeventiv;6637,12
27291;35;2025-04-01;Notfall;20154,96
45708;116;2023-09-18;Praeventiv;19668,96
63532;80;2020-01-16;Praeventiv;18786,63
34542;167;2020-12-10;Reparatur;5172,84
39300;136;2023-10-19;Praeventiv;22624,36
52187;273;2020-12-28;Praeventiv;11524,19
1161;42;2021-08-12;Praeventiv;6917,82
19521;92;2022-01-07;Praeventiv;14015,45
44903;107;2023-09-12;Praeventiv;20792,39
24986;57;2022-08-02;Inspektion;21920,81
16602;293;2024-10-23;Reparatur;8777,27
8996;208;2025-12-15;Praeventiv;24606,6
46246;207;2021-08-27;Praeventiv;21359,26
30223;29;2022-11-26;Praeventiv;7920,63
51011;237;2023-05-30;Praeventiv;20415,18
31579;281;2021-08-10;Inspektion;16884,84
960;154;2021-10-08;Inspektion;15871,56
54396;297;2020-05-06;Praeventiv;14144,35
64881;102;2021-01-14;Reparatur;6619,96
68105;15;2025-09-25;Praeventiv;13200,9
79533;110;2021-02-03;Reparatur;6302,63
43314;232;2023-01-25;Reparatur;6299,32
57835;226;2025-05-03;Praeventiv;13325,35
48787;103;2021-02-20;Notfall;15482,07
5905;25;2024-08-29;Reparatur;20792,14
26166;275;2025-02-06;Inspektion;7398,1
52801;225;2022-12-23;Notfall;8252,58
5434;272;2020-10-07;Praeventiv;12483,65
61002;175;2021-11-06;Praeventiv;13626,82
41949;171;2025-10-27;Praeventiv;10131,58
79327;239;2023-12-08;Praeventiv;12112,54
25331;209;2023-01-16;Praeventiv;9483,62
8809;9;2022-08-30;Notfall;14639,57
76490;160;2023-08-24;Praeventiv;5763,27
57526;115;2021-03-13;Inspektion;20993,38
63475;267;2021-09-16;Praeventiv;1009,94
35450;7;2020-01-12;Notfall;19203,85
79769;263;2025-01-02;Inspektion;18425,29
69792;93;2025-10-04;Inspektion;20678,23
35692;207;2021-08-29;Reparatur;10228,89
45099;156;2021-12-31;Notfall;22892,35
19555;130;2021-10-01;Reparatur;10256,87
22547;131;2023-07-14;Notfall;14871,17
21182;143;2024-09-19;Reparatur;22125,11
9055;281;2023-10-20;Praeventiv;9279,86
36067;291;2024-04-04;Inspektion;8537,2
56780;16;2022-06-19;Inspektion;10097,0
42310;278;2023-08-10;Praeventiv;7708,54
66690;11;2021-06-06;Reparatur;1680,64
79485;5;2025-04-10;Notfall;618,12
16295;190;2021-12-03;Praeventiv;19706,99
64103;269;2023-11-03;Reparatur;3794,96
29806;193;2023-07-05;Reparatur;3528,98
55766;288;2022-04-21;Inspektion;6502,64
49702;147;2024-07-15;Reparatur;20461,93
48916;131;2022-12-22;Notfall;6146,47
10591;274;2020-07-18;Inspektion;15070,58
34258;56;2025-09-19;Inspektion;24624,61
19369;173;2021-07-07;Inspektion;13937,84
56837;157;2022-11-13;Praeventiv;20552,79
72533;203;2020-01-22;Notfall;24012,81
59274;112;2025-05-08;Inspektion;3773,82
62965;245;2022-10-23;Praeventiv;13112,54
74263;54;2024-02-28;Praeventiv;8487,5
66938;59;2024-10-13;Reparatur;23919,74
57974;240;2021-06-24;Praeventiv;23484,05
2022;183;2025-09-08;Reparatur;17108,86
56986;127;2020-01-09;Reparatur;22080,48
54859;288;2025-12-27;Praeventiv;2306,91
70620;77;2023-08-11;Inspektion;17715,86
2377;86;2023-12-30;Inspektion;18561,63
73366;17;2020-01-01;Inspektion;15847,56
51246;286;2020-08-15;Praeventiv;3401,6
76459;24;2020-04-03;Praeventiv;20410,65
32431;35;2025-06-01;Reparatur;23951,77
40754;179;2022-04-26;Inspektion;20771,32
38897;24;2023-01-05;Praeventiv;13786,3
17647;199;2025-05-25;Praeventiv;24456,34
13620;25;2021-04-14;Reparatur;1992,06
68994;90;2024-04-03;Praeventiv;4425,63
12255;81;2021-08-30;Reparatur;18964,48
52090;76;2025-04-26;Inspektion;22664,9
56850;58;2024-12-04;Inspektion;24760,58
21700;284;2020-12-30;Praeventiv;19180,41
8190;100;2023-01-26;Inspektion;11895,71
58803;103;2022-03-04;Notfall;10711,94
58899;106;2023-05-18;Praeventiv;5069,46
348;106;2024-07-17;Praeventiv;5899,77
12373;236;2021-01-07;Praeventiv;12737,3
21924;119;2025-05-24;Praeventiv;21618,59
27167;122;2024-10-13;Reparatur;16048,25
21147;65;2022-04-04;Praeventiv;15505,4
4940;291;2024-12-30;Praeventiv;15461,17
32447;282;2023-04-09;Praeventiv;15428,8
355;58;2023-11-01;Praeventiv;612,47
20105;283;2025-10-31;Praeventiv;22813,97
72584;299;2021-09-03;Praeventiv;1019,34
78805;54;2022-05-16;Praeventiv;19717,92
60685;188;2022-02-06;Inspektion;1044,49
4640;9;2021-11-28;Inspektion;17307,91
37533;21;2023-07-06;Inspektion;16933,04
28033;266;2020-03-20;Praeventiv;2094,85
45530;284;2021-10-04;Notfall;20395,87
69423;28;2020-04-23;Notfall;12340,18
2572;63;2024-12-04;Inspektion;9974,78
22700;135;2023-09-22;Praeventiv;8742,63
73955;64;2025-10-29;Praeventiv;5833,75
55234;180;2024-07-16;Praeventiv;10181,73
38768;260;2020-10-29;Praeventiv;23279,89
31503;44;2021-07-06;Praeventiv;14001,36
63146;107;2020-05-12;Inspektion;24825,35
27901;108;2020-12-26;Praeventiv;13263,57
36103;111;2025-11-07;Notfall;13820,15
66149;36;2022-02-07;Notfall;23889,83
8633;31;2022-07-16;Notfall;8255,39
3207;161;2025-12-31;Praeventiv;11324,42
16065;158;2024-05-03;Reparatur;21097,07
24630;85;2025-10-17;Praeventiv;6992,86
33167;31;2020-03-02;Praeventiv;14212,2
51328;16;2025-02-11;Notfall;18020,77
19691;180;2022-05-26;Praeventiv;10907,53
23862;16;2024-03-11;Inspektion;4011,47
77042;261;2023-08-08;Inspektion;625,09
15954;21;2020-02-22;Praeventiv;9603,78
4389;220;2025-06-27;Praeventiv;24342,15
6524;264;2021-01-15;Inspektion;20786,9
21332;36;2024-10-24;Praeventiv;16052,32
56037;39;2021-04-29;Praeventiv;13779,63
22711;162;2022-02-27;Inspektion;2222,81
12680;3;2022-06-19;Praeventiv;7973,3
46972;47;2022-11-16;Inspektion;16279,98
28220;126;2020-10-21;Praeventiv;23218,53
69039;282;2022-06-17;Praeventiv;17335,47
78385;13;2025-03-07;Praeventiv;23501,74
63860;274;2024-12-12;Praeventiv;18877,4
70157;268;2023-12-13;Praeventiv;11662,31
2270;183;2024-09-13;Praeventiv;6452,99
74181;272;2021-12-08;Praeventiv;18933,58
65163;191;2024-04-01;Praeventiv;1860,03
72499;18;2024-01-26;Inspektion;22030,13
77779;163;2020-12-12;Praeventiv;18597,65
38069;16;2025-09-01;Praeventiv;5592,47
44961;170;2021-12-05;Inspektion;7752,0
20897;141;2025-01-09;Reparatur;2450,47
19065;187;2023-01-04;Notfall;24917,07
43835;201;2022-02-25;Praeventiv;20328,74
1159;61;2021-02-24;Reparatur;4452,7
15659;253;2020-07-22;Praeventiv;9313,84
24133;254;2022-04-29;Praeventiv;24290,67
75812;142;2021-10-01;Notfall;20242,91
54984;130;2020-04-11;Praeventiv;19670,44
78213;208;2025-11-22;Inspektion;23021,14
20691;294;2022-09-17;Inspektion;522,36
79261;167;2024-09-09;Praeventiv;794,11
57612;107;2022-10-14;Praeventiv;17086,79
5005;172;2023-10-02;Inspektion;838,13
54204;76;2024-09-12;Praeventiv;19298,41
61986;152;2022-09-04;Praeventiv;10981,46
53541;237;2020-04-22;Inspektion;8813,32
79992;141;2024-03-02;Notfall;16197,67
52643;73;2022-06-06;Praeventiv;11144,98
51429;13;2022-03-04;Praeventiv;19733,5
54910;31;2023-10-16;Inspektion;3861,65
40091;176;2024-06-04;Praeventiv;6803,25
10103;224;2020-12-30;Inspektion;19914,84
65656;218;2022-09-19;Notfall;22734,06
33128;19;2020-03-29;Praeventiv;18867,87
30164;244;2025-05-02;Praeventiv;10964,5
76286;158;2020-02-24;Praeventiv;2643,43
16164;142;2020-02-13;Praeventiv;12692,19
66261;210;2023-12-22;Praeventiv;20924,55
10055;279;2025-07-06;Inspektion;18288,34
36638;149;2023-07-25;Praeventiv;21252,57
44431;31;2024-04-19;Praeventiv;20883,65
34781;55;2023-01-08;Reparatur;15550,57
54160;131;2024-05-16;Praeventiv;4910,9
36399;284;2024-07-19;Praeventiv;22926,68
37402;250;2023-06-26;Praeventiv;1502,18
18148;243;2021-07-01;Reparatur;3980,8
57626;243;2020-05-18;Praeventiv;2241,89
52261;2;2021-09-03;Reparatur;8359,86
69516;67;2024-10-07;Inspektion;5918,91
21535;182;2024-04-20;Praeventiv;5984,58
78077;156;2022-12-22;Notfall;18738,21
47345;102;2020-10-13;Inspektion;23384,46
63081;232;2022-02-01;Inspektion;13678,4
37719;154;2020-02-21;Notfall;8101,28
43655;231;2021-05-20;Reparatur;5942,17
26217;193;2023-09-03;Reparatur;10514,47
52765;152;2024-10-11;Reparatur;6367,36
53765;216;2025-01-07;Reparatur;18580,05
59797;190;2022-06-01;Praeventiv;5043,77
17920;63;2021-07-05;Reparatur;9334,53
53732;112;2023-10-16;Reparatur;4354,17
79043;131;2022-06-01;Reparatur;8254,5
52323;292;2021-03-23;Inspektion;13346,68
49553;201;2023-12-03;Reparatur;14356,7
40421;136;2021-02-01;Praeventiv;2278,11
25968;288;2024-01-19;Praeventiv;18402,88
54196;212;2022-05-31;Inspektion;9927,04
36510;293;2024-10-20;Praeventiv;6591,17
73242;148;2025-07-09;Praeventiv;7856,54
46561;82;2025-08-15;Inspektion;11172,39
64516;263;2021-02-01;Notfall;21460,56
27100;114;2024-10-10;Reparatur;23457,81
66567;272;2022-11-04;Praeventiv;6819,56
17765;45;2022-03-29;Praeventiv;10842,84
47943;187;2025-03-21;Praeventiv;7400,37
45476;97;2020-05-01;Reparatur;12289,59
75179;21;2023-02-04;Praeventiv;16122,3
17583;214;2021-05-14;Inspektion;22359,29
43804;21;2024-09-29;Praeventiv;16815,34
5785;238;2023-05-25;Praeventiv;17886,39
17985;38;2020-02-25;Reparatur;19567,41
36940;126;2024-02-25;Praeventiv;24975,0
31232;157;2022-12-24;Notfall;1860,45
65152;128;2025-12-02;Praeventiv;5233,06
32284;146;2021-07-25;Praeventiv;17804,06
5301;82;2021-07-30;Reparatur;24281,75
11162;67;2023-06-15;Reparatur;12010,37
72815;213;2021-06-13;Praeventiv;23536,88
3879;138;2020-10-27;Praeventiv;14104,58
63120;11;2025-12-14;Inspektion;3362,72
48345;223;2021-12-23;Reparatur;12080,36
10632;227;2022-02-04;Praeventiv;12251,5
46419;125;2022-02-04;Praeventiv;11856,2
32430;259;2024-06-01;Reparatur;12269,71
76977;233;2025-12-04;Inspektion;5203,74
67426;152;2025-08-25;Praeventiv;8792,17
11497;157;2021-06-23;Inspektion;14032,48
72969;10;2021-09-20;Praeventiv;22993,28
29778;107;2023-10-10;Reparatur;18419,72
25498;81;2021-12-27;Inspektion;6001,59
16036;57;2020-08-03;Notfall;22073,29
16510;90;2022-10-19;Praeventiv;4913,53
16613;15;2020-01-17;Inspektion;5373,88
5361;191;2023-03-23;Inspektion;16753,93
39225;16;2022-03-19;Praeventiv;18273,94
73050;238;2023-01-12;Inspektion;14661,02
26689;54;2023-06-22;Praeventiv;5540,36
35324;274;2024-09-18;Inspektion;15407,6
71576;209;2024-09-30;Reparatur;1419,14
73795;79;2021-12-13;Inspektion;19062,28
64738;9;2025-06-18;Praeventiv;4499,82
13581;152;2020-06-21;Praeventiv;1485,71
1290;178;2025-12-17;Praeventiv;11485,75
73323;48;2024-03-28;Notfall;6108,16
53809;99;2020-08-12;Notfall;15028,33
32607;146;2021-08-02;Praeventiv;20982,72
5628;226;2025-10-24;Praeventiv;4664,87
21679;71;2022-07-06;Praeventiv;11052,83
36246;6;2023-08-29;Praeventiv;16696,43
37059;4;2025-05-26;Inspektion;18338,93
514;165;2025-11-26;Praeventiv;3552,17
76627;27;2021-12-10;Praeventiv;4127,01
63354;168;2024-11-19;Inspektion;3868,73
22996;152;2025-12-21;Praeventiv;4710,76
11765;109;2021-06-12;Notfall;20749,7
60828;194;2022-11-19;Reparatur;5005,74
52858;285;2024-08-15;Praeventiv;2105,0
25202;298;2025-05-06;Reparatur;6039,78
66113;178;2020-03-05;Reparatur;21881,35
59110;175;2021-10-25;Praeventiv;5865,78
63529;1;2024-10-23;Praeventiv;13563,15
13361;230;2024-01-03;Praeventiv;8031,27
42318;226;2021-07-06;Praeventiv;14920,04
65961;264;2022-05-28;Reparatur;9837,57
79116;88;2022-12-03;Praeventiv;18978,77
68122;297;2022-11-02;Praeventiv;20794,34
27168;203;2022-02-05;Reparatur;4266,45
43561;134;2023-11-25;Praeventiv;22977,37
36313;254;2020-05-18;Praeventiv;21151,55
58821;228;2022-03-11;Praeventiv;3461,91
50704;270;2020-08-19;Inspektion;7216,64
55445;92;2025-05-21;Praeventiv;11320,83
58091;48;2020-10-22;Reparatur;21716,06
26308;167;2025-02-12;Inspektion;12624,55
28507;89;2022-02-08;Inspektion;11888,16
65299;284;2021-10-15;Notfall;3342,91
38824;138;2020-03-10;Praeventiv;23636,41
31740;160;2025-12-29;Notfall;19394,12
54807;156;2023-06-16;Notfall;5460,59
78866;66;2021-01-08;Reparatur;24465,22
16220;58;2024-04-06;Praeventiv;7947,24
72445;97;2023-04-07;Praeventiv;18925,49
31557;12;2023-09-18;Praeventiv;6038,79
3595;132;2020-04-22;Reparatur;16203,03
31188;273;2021-09-05;Inspektion;18131,25
63750;221;2025-10-23;Inspektion;4853,87
76778;14;2023-01-17;Notfall;10967,64
36154;187;2023-05-22;Notfall;17201,4
552;229;2024-04-10;Praeventiv;11822,65
8690;291;2025-06-15;Praeventiv;8260,63
44773;14;2021-12-18;Reparatur;7458,08
27562;105;2022-08-16;Reparatur;14921,5
41464;270;2020-08-23;Reparatur;818,78
45875;105;2023-06-24;Reparatur;1418,68
7549;177;2025-05-28;Reparatur;23151,77
33909;121;2025-12-02;Praeventiv;13104,3
40582;121;2021-06-17;Inspektion;10852,32
37787;283;2024-03-15;Notfall;17365,94
63798;149;2022-06-22;Praeventiv;1286,47
20463;168;2025-06-01;Praeventiv;3102,91
59056;179;2024-03-23;Praeventiv;5126,51
78051;171;2024-09-11;Inspektion;3560,66
74423;267;2023-12-29;Reparatur;5248,36
54602;50;2020-06-27;Inspektion;18487,08
18459;216;2025-01-30;Reparatur;2890,56
67242;250;2024-09-06;Praeventiv;12939,14
22005;84;2024-08-31;Praeventiv;11400,92
70369;4;2021-03-22;Notfall;12145,66
51097;56;2021-12-07;Inspektion;24954,75
63083;259;2024-01-16;Praeventiv;9407,21
71190;158;2020-02-02;Praeventiv;16514,13
72299;269;2024-10-04;Praeventiv;3175,94
22769;40;2024-01-09;Praeventiv;23903,26
68784;149;2022-05-14;Inspektion;15425,97
65217;118;2021-04-01;Praeventiv;17936,97
47378;40;2024-12-28;Reparatur;15453,28
5433;291;2025-11-10;Reparatur;20639,92
26975;296;2022-08-20;Inspektion;21386,42
72635;133;2024-02-11;Inspektion;7827,18
7205;246;2021-08-17;Reparatur;20430,9
24188;141;2020-12-10;Inspektion;18335,62
60052;298;2024-07-15;Inspektion;14664,16
10708;258;2022-04-15;Praeventiv;8359,46
63101;204;2021-01-19;Reparatur;23012,32
75566;274;2021-10-05;Praeventiv;1940,06
74530;176;2022-09-02;Praeventiv;20925,69
19667;233;2022-08-03;Inspektion;13584,01
29195;226;2024-03-05;Inspektion;17472,18
49344;277;2020-07-02;Inspektion;9736,38
54629;149;2024-08-14;Inspektion;14393,69
69011;147;2023-03-25;Praeventiv;14731,98
78770;53;2022-08-14;Reparatur;20266,95
47549;277;2022-05-27;Praeventiv;17001,15
72860;201;2023-12-20;Inspektion;14287,16
66874;97;2022-05-09;Notfall;18073,31
59755;215;2022-10-06;Praeventiv;7077,66
61334;292;2023-02-21;Praeventiv;7588,68
68675;176;2021-04-20;Inspektion;3915,27
12106;270;2023-03-26;Praeventiv;19674,07
22517;83;2023-08-28;Notfall;20868,77
57983;133;2023-04-21;Praeventiv;15011,17
71076;278;2022-07-21;Reparatur;3735,16
17624;264;2022-07-27;Reparatur;10755,13
5631;126;2022-09-08;Reparatur;17655,13
22999;10;2020-12-13;Praeventiv;3830,43
56343;10;2024-11-17;Praeventiv;24706,9
38021;37;2022-10-20;Praeventiv;13419,81
63429;27;2020-09-18;Praeventiv;11875,82
50102;107;2022-05-21;Praeventiv;9689,48
948;214;2024-06-27;Inspektion;4742,09
1149;227;2022-02-05;Inspektion;15809,39
55259;65;2024-06-29;Praeventiv;840,56
75122;203;2020-06-12;Praeventiv;3745,84
46851;47;2022-12-18;Praeventiv;15054,57
24563;60;2023-02-19;Praeventiv;1607,63
75941;257;2022-03-31;Praeventiv;15515,4
75428;193;2021-08-07;Reparatur;11209,66
35133;243;2024-01-25;Praeventiv;15870,92
42160;296;2020-03-11;Praeventiv;19285,44
66564;29;2021-02-26;Praeventiv;16652,12
15359;138;2023-09-13;Reparatur;22857,82
18014;75;2024-10-12;Praeventiv;6265,95
39425;42;2023-09-26;Praeventiv;6896,59
65986;17;2020-09-27;Praeventiv;13194,19
32805;54;2025-01-25;Reparatur;8396,03
42233;181;2022-02-13;Notfall;22814,03
29354;38;2025-03-01;Reparatur;16907,97
44312;136;2022-12-28;Reparatur;14153,71
57761;165;2023-11-03;Praeventiv;15118,22
67912;121;2022-02-06;Inspektion;24719,69
26813;282;2023-04-18;Praeventiv;14432,37
36077;66;2022-04-09;Reparatur;21291,34
44805;178;2022-07-08;Notfall;22201,8
3689;277;2023-07-16;Praeventiv;17848,97
76158;57;2022-11-22;Praeventiv;14142,12
60695;141;2021-10-01;Reparatur;9499,21
18577;250;2021-05-10;Praeventiv;2937,0
12737;294;2020-08-21;Reparatur;15476,94
1174;17;2021-02-01;Praeventiv;21389,98
54519;222;2020-04-10;Notfall;17834,03
53104;237;2022-06-14;Reparatur;16194,99
31480;257;2024-04-10;Inspektion;23984,23
36072;240;2020-02-25;Praeventiv;8362,4
25354;217;2025-05-22;Notfall;12102,96
47433;183;2021-09-26;Praeventiv;15644,12
20265;27;2023-02-08;Reparatur;3031,1
26049;282;2024-05-29;Praeventiv;10651,29
15012;300;2021-11-28;Reparatur;14538,13
50535;256;2024-04-09;Inspektion;21001,0
31496;193;2023-06-01;Reparatur;4481,35
31796;12;2024-02-13;Reparatur;15078,45
75130;170;2021-08-24;Praeventiv;12288,42
63749;251;2023-03-25;Inspektion;9888,26
42573;248;2024-08-15;Praeventiv;17457,16
70224;205;2025-06-13;Inspektion;18188,21
57229;212;2021-02-16;Praeventiv;24547,56
2340;107;2025-02-14;Reparatur;4691,96
10318;172;2022-11-23;Praeventiv;17551,07
11035;156;2025-10-24;Reparatur;15467,66
63212;278;2021-10-11;Inspektion;6102,57
29606;139;2020-10-15;Praeventiv;9537,51
40249;42;2020-01-30;Reparatur;20977,81
2330;270;2020-04-09;Inspektion;8220,48
60011;183;2021-09-07;Praeventiv;19275,66
2048;112;2020-11-18;Inspektion;19083,93
58208;21;2022-09-19;Reparatur;22738,05
26986;49;2023-09-06;Inspektion;22666,55
36450;92;2021-07-05;Praeventiv;6982,96
11637;78;2020-03-06;Reparatur;22786,62
61761;61;2022-12-15;Reparatur;3358,05
48586;44;2023-11-22;Reparatur;8225,32
71619;241;2024-01-25;Reparatur;11314,58
20529;44;2020-09-13;Inspektion;17412,71
19985;135;2023-04-08;Inspektion;8579,02
28028;83;2020-08-19;Praeventiv;709,79
44011;130;2025-02-17;Inspektion;2418,67
10250;150;2020-04-06;Praeventiv;18893,06
7763;280;2025-12-16;Inspektion;2093,61
77211;105;2025-06-14;Reparatur;14030,21
45508;113;2021-05-18;Praeventiv;19255,04
13099;175;2020-10-19;Praeventiv;18700,89
16195;187;2025-05-20;Praeventiv;4539,78
66018;97;2021-07-09;Praeventiv;3234,13
38968;199;2023-12-16;Praeventiv;526,79
70894;247;2022-11-06;Praeventiv;6299,13
22258;173;2020-01-01;Inspektion;2432,85
30508;12;2022-06-07;Notfall;10306,1
17073;112;2020-04-17;Reparatur;10494,66
44884;4;2022-04-20;Praeventiv;19868,88
20892;118;2021-02-25;Inspektion;8447,19
694;51;2022-01-27;Praeventiv;9308,03
52349;218;2024-01-10;Inspektion;11500,02
3222;222;2021-07-21;Praeventiv;20888,72
20328;23;2020-12-19;Inspektion;12701,72
27332;157;2024-06-07;Inspektion;22020,8
79735;129;2020-01-19;Inspektion;22224,62
56074;294;2021-03-19;Inspektion;4948,67
24422;81;2022-08-13;Praeventiv;10098,99
71108;269;2023-10-07;Inspektion;7550,83
34503;47;2024-01-01;Inspektion;6080,93
74398;122;2021-09-12;Praeventiv;2190,73
7067;11;2020-03-10;Inspektion;4063,29
15631;168;2021-12-22;Praeventiv;6202,89
5006;274;2021-02-25;Notfall;4009,39
75876;135;2020-01-24;Praeventiv;9646,27
20201;166;2024-05-22;Reparatur;16462,1
47648;102;2021-09-18;Inspektion;9249,19
51513;107;2022-07-26;Reparatur;13419,69
19459;63;2022-07-22;Praeventiv;3966,11
17503;239;2020-05-23;Praeventiv;19739,48
37369;156;2025-06-12;Praeventiv;22537,21
60377;53;2023-07-17;Reparatur;10954,95
42742;176;2023-10-12;Reparatur;896,8
62049;70;2023-06-11;Inspektion;21952,25
67062;195;2020-12-15;Notfall;11092,41
23164;125;2021-09-01;Praeventiv;7135,24
75284;191;2024-02-22;Reparatur;16644,18
43799;94;2024-04-11;Inspektion;4512,52
42241;175;2020-04-14;Inspektion;14897,45
75501;204;2022-10-19;Inspektion;2748,59
33607;239;2022-11-02;Reparatur;6540,38
6301;297;2020-12-04;Praeventiv;24930,64
52814;272;2024-01-15;Praeventiv;18164,46
68849;147;2022-09-27;Praeventiv;12170,62
54364;241;2021-11-27;Praeventiv;18314,75
23811;183;2021-10-03;Reparatur;5977,71
1867;50;2022-09-23;Praeventiv;11054,08
69135;6;2020-07-25;Inspektion;19940,84
2630;132;2021-09-16;Praeventiv;1707,0
45471;267;2025-10-26;Praeventiv;16204,15
11752;200;2025-10-19;Praeventiv;4798,16
48374;75;2021-12-05;Notfall;19628,96
16482;17;2024-12-30;Reparatur;15162,18
17703;156;2022-02-21;Praeventiv;9568,86
12305;236;2024-01-31;Reparatur;7572,31
10024;108;2022-01-17;Praeventiv;13104,76
32707;189;2025-07-21;Reparatur;5447,56
18764;225;2022-01-30;Reparatur;7633,31
20658;241;2024-02-17;Praeventiv;20644,37
20821;248;2021-02-14;Praeventiv;13963,84
70318;69;2020-10-17;Inspektion;13945,99
2434;267;2022-09-08;Notfall;21913,2
76898;4;2020-12-28;Notfall;15851,54
21613;181;2023-04-29;Inspektion;24970,83
60785;145;2025-08-09;Praeventiv;19356,88
38903;209;2025-03-04;Notfall;19819,88
9024;19;2025-11-11;Praeventiv;15116,73
6940;294;2023-05-16;Reparatur;2162,56
31867;144;2022-05-10;Reparatur;2683,72
78479;149;2023-07-31;Inspektion;2868,82
19630;285;2020-08-22;Praeventiv;11038,46
20384;248;2023-03-11;Reparatur;11673,16
68625;258;2021-10-09;Praeventiv;20292,83
6097;195;2023-08-28;Praeventiv;16226,32
54453;195;2020-05-07;Reparatur;21344,85
3051;11;2023-04-17;Inspektion;14642,86
7631;260;2024-03-05;Reparatur;19587,55
32292;135;2024-02-01;Praeventiv;22446,33
19789;18;2024-06-10;Praeventiv;14916,41
44870;128;2022-11-06;Praeventiv;12736,55
19779;130;2023-03-08;Praeventiv;23204,7
71006;74;2021-03-08;Inspektion;10694,17
36198;198;2022-09-15;Praeventiv;4667,4
78275;292;2022-01-08;Inspektion;21628,71
60688;289;2025-09-15;Reparatur;2767,02
79206;20;2021-08-20;Praeventiv;24169,77
34932;255;2021-03-04;Praeventiv;9729,39
23399;55;2021-05-26;Praeventiv;18896,21
57688;141;2025-06-04;Notfall;7896,14
35961;118;2024-07-27;Praeventiv;9468,34
7388;58;2022-10-04;Praeventiv;22549,63
71585;291;2020-06-20;Praeventiv;24409,43
48762;8;2022-05-30;Praeventiv;14738,08
74745;254;2025-11-30;Praeventiv;2605,48
71389;166;2020-12-19;Reparatur;6018,8
64021;46;2020-05-15;Inspektion;6700,21
9267;161;2024-05-14;Inspektion;1109,12
11933;115;2023-12-29;Notfall;20202,64
10437;95;2020-12-16;Notfall;24779,49
59897;22;2023-09-08;Reparatur;1124,93
60990;6;2022-10-19;Reparatur;2750,8
31651;180;2020-11-26;Inspektion;12045,5
12688;15;2023-07-25;Notfall;6861,26
66805;137;2025-06-30;Reparatur;1144,18
3125;272;2023-02-21;Praeventiv;10598,6
55120;182;2022-04-05;Praeventiv;8885,52
23521;271;2023-10-04;Notfall;21819,54
66674;202;2020-05-19;Reparatur;18118,64
23990;55;2022-10-19;Praeventiv;1997,45
4684;280;2024-12-08;Praeventiv;9065,72
33201;164;2021-06-03;Inspektion;7875,74
72854;89;2020-09-08;Notfall;14125,62
18737;86;2023-02-21;Inspektion;19018,77
75386;59;2025-08-28;Inspektion;21143,84
18074;76;2024-10-05;Reparatur;18131,54
70765;170;2025-11-22;Reparatur;13221,87
42813;271;2022-06-10;Inspektion;667,88
